INSERT INTO Users
VALUES (37923, 'male', 'tuscon', '07-16-97', 'Jason', 'Jackson', 'jjack1@gmail.com', 'a(&#$*J'),
(24853, 'female', 'tempe', '03-02-00', 'Maria', 'Adams', 'mardams@gmail.com', 'lsdkf*#$'),
(23488, 'female', 'pheonix', '04-28-00', 'Stephanie', 'Louis', 'slou2@gmail.com', '*&ASDJ2'),
(67498, 'female', 'mesa', '12-11-01', 'Janet', 'Jacobs', 'jjac22@yahoo.com', '&*@#$H'),
(96984, 'male', 'sedona', '11-26-02', 'Devin', 'Wong', 'devw22@gmail.com', '&*@#$H'),
(10000, 'female', 'New York', '03-20-89', 'Emily', 'Smith', 'emilysmith@gmail.com', 'qwerTY@#'),
(10001, 'male', 'San Francisco', '11-12-94', 'Michael', 'Nguyen', 'mnguyen23@yahoo.com', 'p@$$w0rd!'),
(10002, 'female', 'Chicago', '05-05-92', 'Jennifer', 'Kim', 'jenniferkim@gmail.com', '1Lovejkk'),
(10003, 'male', 'Los Angeles', '09-01-85', 'Adam', 'Lee', 'adamlee22@hotmail.com', 'S1mpl3Pass'),
(10004, 'female', 'Miami', '12-31-88', 'Stephanie', 'Rodriguez', 'stephrodriguez@gmail.com', 'R0dr1gu3z!'),
(10005, 'male', 'Houston', '02-14-91', 'David', 'Nguyen', 'davidnguyen23@hotmail.com', 'P@$$word123'),
(10006, 'female', 'San Diego', '06-30-93', 'Amanda', 'Garcia', 'amandagarcia@gmail.com', 'Garcia1!'),
(10007, 'male', 'Seattle', '08-09-90', 'Andrew', 'Kim', 'andrewkim22@yahoo.com', 'P@ssw0rd321'),
(10008, 'female', 'Boston', '04-17-87', 'Jessica', 'Chen', 'jessicachen88@hotmail.com', 'Chenjess88'),
(10009, 'male', 'Dallas', '01-01-95', 'Jonathan', 'Nguyen', 'jnguyen95@gmail.com', 'Nguyen123'),
(10010, 'male', 'Cape Town', '02-01-85', 'Jonathan', 'Nguyen', 'roland411@gmail.com', '$2y$10$wFN94JNoEVU5lLaE5L.3/.o6.7HXgeWmAUx28eggmmVZs0jgELuM.'),
(10011, 'female', 'Johannesburg', '05-29-05', 'Stephanie', 'Williamson', 'stephanie30@gmail.com', '$2y$10$nEW3TVyBqbuZAzVZGM37O./0Zft1eA/X51ncmsJ4D21lzVx9MNhke'),
(10012, 'male', 'Durban', '12-02-65', 'Stephon', 'Mcall', 'stephonM31@gmail.com', '$2y$10$6gQn6D80/FDeKS/FyuBmbOAqP0NRlYqgE1GKU2HcyPIsUer8SF4my'),
(10013, 'male', 'Manchester', '11-21-78', 'Steven', 'Lee', 'steveLee@gmail.com', '$2y$10$zaRaqz3aVtYtDWvQMJbIeeocYi7.sJSmatCFjJH7qs.SihXbhSviG'),
(10014, 'male', 'London', '10-24-89', 'Damian', 'Wayne', 'damianWayne31@gmail.com', '$2y$10$Jp3ruQ9UxmRGhlk5/Y.esOW3xobFOUAkHaBGetcoTM9GFdrlB4BJu');


INSERT INTO Albums
VALUES (5324, 37923, '2005-02-24', 'myalbum'),
(5384, 37923, '2005-05-11', 'memories'),
(6309, 23488, '2006-09-01', 'for you'),
(5390, 23488, '2007-08-09', 'lovely pictures'),
(3587, 23488, '2008-05-29', 'straight from my camera'),
(9001, 10000, '2022-03-05', 'commmentTesting'),
(9002, 10000, '2010-12-31', 'End of year'),
(9003, 10002, '2023-06-30', 'coolcool'),
(9004, 10001, '2022-01-01', 'NewYear'),
(9005, 10005, '2022-09-15', 'Back to school'),
(9006, 10003, '2023-01-31', 'January'),
(9007, 10004, '2022-11-11', 'RemembranceDay'),
(9008, 10006, '2023-12-25', 'Christmas'),
(9009, 10007, '2022-03-05', 'Poetry'),
(9010, 10008, '2010-12-31', 'Workout'),
(9011, 10008, '2023-06-30', 'Mindset'),
(9012, 10010, '2022-01-01', 'Dance'),
(9013, 10010, '2022-09-15', 'Calisthenics'),
(9014, 10010, '2023-01-31', 'modelling'),
(9015, 10013, '2022-11-11', 'devices'),
(9016, 10014, '2023-12-25', 'homestuff');


INSERT INTO Photos
VALUES (355517, 5324, 'imhim', 'https://external-content.duckduckgo.com/iu/?u=https%3A%2F%2Fi.ytimg.com%2Fvi%2FvS6uG1tdwJ4%2Fhqdefault.jpg&f=1&nofb=1&ipt=49a4dca87b52ada8b01d64fcf3327bfbbbe832aedd29ca5ba5f059e4f5920a6a&ipo=images'),
(103297, 5324, 'skiing', 'data:image/jpeg;base64,/9j/4AAQSkZJRgABAQAAAQABAAD/2wCEAAoHCBUVFRgVFRUYGBgYGBgaGhgYGBoZGBgYGBoaGhwaGhkcIS4lHB4rHxgYJjgmKzA0NTU1GiQ7QDs0Py40NTEBDAwMEA8QHhISHjQrJCs0NDQ0NDQ0NDQ0NDQ0NDQ0NDQ0NDQ0NDQ0NDQ0NDQ0NDQ0NDQ0NDQ0NDQ0NDQ0NDQ0NP/AABEIAOAA4QMBIgACEQEDEQH/xAAcAAACAgMBAQAAAAAAAAAAAAADBAIFAAEGBwj/xABCEAACAQIEBAMFBQUFCQEBAAABAhEAAwQSITEFQVFhInGBBhMykaFCUrHR8AcUYsHxI1NykuEVFjOCk7LC0uKiJP/EABkBAAMBAQEAAAAAAAAAAAAAAAABAwIEBf/EACcRAAMBAAICAgICAgMBAAAAAAABAhESIQMxIkETUWFxMpEUI0IE/9oADAMBAAIRAxEAPwDjVWiolbRaKi1dsSRpEoyJW0SjolTplpkiiUZEqSJR0SpVRaZIolGS3U0SjolSqi8yQRKMluiIlMIlSqisyDS1R0t0REo6JUnRRIClujpboqJRkt1J0AFbVFW1R1t0VbdYdCdC6WqKtqmFt0VUrDow6Flt0QWqYFuiqlGmXYotmsFmrAW6xrVPsnzEntbVD3VWL29q0bVD0FZWm1UHt1YtboL26NNKisa3Qmt1ZPboDpTVFVQl7qspr3dZT5GtPJkWjolaRaMq17zZ48o2iUZErFWjItSplpRtEphErSLR0Wo0y8o2iUdErSLTCLUaZeSSJR0SsRKOi1KmURipTCpWIlHRalTHppEoyJW0SjolSbMOjSJRUSpolFVaw2TqiCpRAlTVaKEowlVA1SpKlFVKmqVpQ2YdkVWiG3pU1SjKtdfi8PL2RqhY29qiyU5loVxarfgSWiViTJQmSm2WhMtcVTheaE3SgulOslQZKwVVCOSspvLWUGuR44i0ZFqKLRkFe/R50k0WjotQRaMgqVFpYRFo6LUEFMIKlReWTRaYRaEgphBUaLSwqLR0WhoKYQVGjek0FHQVBBRlFSoTYVBRkWhLR0FTZhsIgoqioLRFpYTYRRRFFDWiKa1KJUFUUVRQlNFU11eLCNBAKlFRBqQNd0tfRNmVo1uag1FvECBOKA4ormhMa8/yPWWkGy0JloxNCY1ztFZIRWqlWUGzx9BRkWoqtFUV71HnywiCjIKGgo6CpMtNBEFHQUJBS/FiRaMdQD5c/wAKlfS0v4/lSRaJR1rkeCYvJcVZhXIU9JOgPzj0muvSoKuSOm5cPAykDU6DqdKOlUfHWhE6Zj+H9an7P4mSUO0Zl7EHUD5/So1Xy4lV49jkmdCtGWgrRVNJoloZaOppdaKprHEww6miA0BTUw1LiZYdWoiml1aiK1GGGhhWqatQFapqa3PRNyMK1SzUuGrearTbSMcQ+etM1BLVrPWn5Gw4k2obVmeoO1SrGaSNMaE5rbNQ2apNFEjJrKhmrKWGzytVoyLWlWiqte6zylRJRRkFRRaKq1NopNE1FRxNsFRIkAzHM+BhA76/SiIKKE289POo2vizp8VfJHNYjhDq6MskFpJP2cuuvyrsVFK3RoB1ZZ+f+lNoKhE+zq83k3NA4zCC4En7Lgx1BBEfWnVUKVAA1Jk8zAPPzrEH4/ryrYbxx0WT/wAxEf8AaalS2hzb4jK0VaCtFWtOTHMMpoimhLU1rLkOQYGpA0IVIGjiJsIGoqtQAampo4mdGFaphqCpqQNLiAYNWZqEDWTRgguatZqHNamjAJlqgWrRNRJo4jMY0NjWyag1HEaZk1uoTWUcQ086RKMqVNEoqpXrtnjKiCpRlWpKlFVKwyiogqVM6fr9dKIqVFz4o7A7cpNR8n+J0eGvkYhBZRE789tDr86bVaWwmrctjPWZAHpq3yqwVKnC6K+WvkhdXOZlAJyqp2HPNMHnoBI5adaJhTLOe4X5Cf8Ayquwhf8AecQx0t/2aLMQWVFLRrI1Yj+lWfDE8EjYs5HlmIH0UVNTtF3XHx/6GlFTUVirRFWtuSKs2tTWtBamFrOD5GwKlWAULE4lEALmJ0A5nyFLia5b0g4qQqvwPEVdspXKeWsz2231qyAoS0HsvGSFSmogVunxM8iVZUalS4hyMmo1s1qjiPRqzhg2sn5fzpj91TpVdd4qEAWJaPIAcqRbijzOY+WkfKtO4nrNYlF12XhwK7yfKaDfW0ARAB7Vz2I4ncb7ZEdNPwoCcSYb+Lz3HqN6X5JfpG/w19svvep9wVlc9/tV+if/AK/OsrOof46KlbdFRKVw2NuBst1EILAB0DKYkgggaZhGoIWI3pzFcQso2VGRyCMyh4YA7wpGpHPXSu113h5f4mEVO30oqoOaitYbiNguUZbindSIIcTHh0HyIB5b6VYPdwqKGa4wnadz/wAuWaw6NLx0Kqi9D86qMe6rdbfZANe0/wDkflRONe1OHtEpaRncbl3UIp/5ZLHtptyrzfiHEcS19rz5hMtlkqmRRsFJOgA8/WlS6WnR4ZabZ6f7N2kdrrFjMoo6CFJgdvF9TV+uDXk2nlXnGGxt22gOZ0R2eCoADupgw7CTAgGNtOtJcSxt50aGdyeWdmOsSemgB1AoUtTum6XKsOvxN5VzlTIzuwYQQQWJBnyj0FXPCgnuU8ceBZLAqswZhyMp1DbGvJ+AY58zW2ZmGQwGacoBE79mrsuCYnEO5RHcypLKCNVIgEBgQdOoIMyZ0NTme2y1r4pHWHF2Bob9vyDhvwoL8Yw4MZ521CPGvmBXNcR4dcz+C040l8wyIrc/E0KoiDBJAnQxAA3wLplzPbloIhzsftBiAhHk2usTWs/kkpk71EkAggg7d6r8Txe0jFfExXfIAQDMbkgUC7ce3aRLl+0bcj4kfMQoEhGDyTy0IInpQLPEbTFlVc5E5GNlAQApMZ2JlvCFEgcqzo1Ju97QeHwos9yTHpABPrVRexxdszsSe/8AIcqhdvq7Hxu41yBgoInUiJIEDoBPamcIjOQuHBzZSWUORmgnXNoBpAg6aUOf2VlqfRq2WOoUx1Oix5nQVdf7XKW1GZHfYN4tF11baSCI3k99zzWKusrMrghlMMCdQR16/wA61bvMrL4e8kkREayDM7b1njht5Xs64cZUqAIzx4kIbSOmmtNWeJW2E5iD0yuY9QsVzP79eukLAfNAy5FJbXQnTWOvKoMbqs1tv7MTDicqSRMQujaGYE9Y3prSbiTrX4lbE+MEjTKBLT0qvX2gQzoAPsknw+rAfyjvGtUb4i5dXLmYosgMQAzfayqRqxgTlkwNyBrSSPAAGkTp/qec/jWW39Gp8c52dHa44xYyFI5LsQddZkz5fKksRjXd8xaN4XWFGm2vbeqp3nXY+Wun9JrDiSd58+fr1oxsolMvUizNwkhiZbmxJJrZvGe1VoxIH2hryJg/I/ympe/71ngHIee7SzvST4ozA+e0+RqPvmI5jsYn6GK0oFzGfeH9CspTMfvN9PyrVa4i5FG/tNdhVVVDBcrOWD5wIyMymRnAnWTyBGkVDCcfdBlZLN2WDTeti42gAgExlGmwqoNhlMFGB5gqVPrNSs2S5OWDlBOhGsakCdyNdB0NejwlI8zkzpB7YXxOW3YSea2yGHWDmqrxXELt1g7uxMGDooAJ1iI/QqvziIC67ySde0ctu/n0mpOkk7Dc7aduXahRK7SHyf2dF7P4IXWuLcZxbFsy6O3g1gEgT4QTJLKQIB235fi/FpOS0rDIzqHYkud1kEbyp1G2vlFtw7GPbcOjFWGkq+Uwe/Iaz6A9DS3EeGs197ruGAljI8TOo+0BpqQCTuQI71DyT3peKwuuG3veIll87JoYQy1l2gl1XmDOqkdSCKb4x7PthrN26S9xVtsUuW4W3LDKrsRcmAxB2PwmRFdVgeAI+FsfZb3aOHESjlAxM9Dz8u1D46jJgr1q4AudQhIEqfeOqZgPsnxzUXfXE038mzzD2ZvMcSpaDljNmBOudDqFBOpWNAdOVet8Wsm3h3cI10suXKqfDn6FQGVe8aGK834apwx94jKXZyQVOaAoyhc2mYgs+vlV9b4hibkO7qFHM+7DEDXKSnjURJpcde/Rq69COH4s6HLJEHVCZjsM2qmJHXWnzxHDuCz2XZyDq15yknYjXNHY9BTHEuPJ8cW7zHRUuItxUAGrBimftBJqh4hets+a2nuxElAzMsmCcuYCADIiKqpVfWEuWD376xUIWkDYNBy91zar6UC5cLfGc3mS23nSKOx+GSNN4pwpG75tJIQEEdpcCTtsCNd6HOGlQwuNdUKBjlcQwjkDoMx1jsNNqEmI2AGs6RvPKOc1tHQgBkKmd1uEhROphh4jHKRXQ8J4zhLGq2HDbZvA7tPPMXGT/CNO9JpD5FbiOKXCoRyrFY8ZCM6gbKHEmNes8u1Qto7bKQOp0X5n10o/GuKrefMilVBmWCglju0LoDtrJOg1pJHdmAQZnbQAAs/P4VG503/Ks516NKho3Sh8BOaImdJM/db6T59KsOH4N8RcU3C5WBufsEmJBIyqx25ncA6kWfBPZgqA+IAL/ZtyIXu5AIJ7agd+V7jLFv3bKwFsNPi0Izn7UfaaYgnXQVisQc/0cTxsNbvMhGVQBkUaLkOug85nqZ50hfckSIJ5zzHQRz/XarLinFrdwKlxWuOgK++BW2x7gAsHHZgDPQkgVOIwzooceJG0Djk33HAJyP257gmtKQV4QF8HY69CNRHXtrUWuyYmCR9exO9CLk7GOfXYTJHSBr5VG4wnqDT4j5hBcYSNDBkEdN4Yn6dNKMoERqNBz1jzHOI/lSjudMpERzHLbTX9RUQ7cmAA5Zdem870cAdjkwBrS+IQn4WKnqDNbTEARmhhpIGh7RuVPf6HaoX3APhJg7TEx3HI/rY1pSZdgf3dvvv/AJv/AKrK3nrKfEX5CgxOMe62d3ZzAEsSZAECCdxSrXGA8KypkbjKSdCImSdPx6V7RisBhXAN5EXUDxTb10jxIw7CQe2x1k/CMJBd7FphHxEB5GwOZhqfU1r86z0c/E8ZwysBDcjpHT+tMRpvt/OvXrvsvgzObDIoI3WU03+wVC7big/7mYE7W2Hdbl3bzLkVr/kT+mHBnkmOzZDkYqQJkaaLynSPOq6xxN5yEs6uW8TMS+oEyefPTvV57dLh7btawjuDaj3rNeTxMSVyIghmIJ8XSNuZ5fh1hmdIDHM4A5STr66R86KpPtFPHP0z29eOPaREIDBLSspUjK6KqiQSQBXnPtp7Q3buINwM4RgmS0XORcmXN4R4TLKWk6+LsKe4wcUonEJcS2s5QyFFBiWAcgBiSpYLOhzRXE4rEPcfWRoCqkyApAInXcjX1qa8aS37BNuj0L9meOQ3QLsJ4bqgGYLsymNecZpmu8xfsphrit7olGZWAytmSTJEoZgBtYUivHOAW2KEjMCXJQpObSCGWO8+dWgZ0IzSjbzBQz1HMfOheN09Twd1mIuuJeymLtnwr75As57WsdQVPinyB3FVXDsBevsUtIXYRm1ACyY8Rbby3omF4netuHS44On2iQexHOu0vcYV7LPi7CXFBUSB4sr6AiSNQ0cxvpVG3PT7JrGc1xHh4wxRDczOVDNlUhFBJEBjBnQ8te3NRbgAqtOKJOy+I/CoMSTsvUcqs8PwfFvquGukdSjKPmwAp8cXbDf0DLjeda2lwkgCWYmAACST0AG5rqOCewzuM+JJTeLaFS57s2oXyE942rp+FcDSzIt2yk6Fyys7CB9uSQOwgdqnVSul2aWs5vg3sm7w+IOQHa2CM7efJR9fKuy4dgLdkHIltCeaiGj7pYkk/Qdq0+AYA5CVJ3aczHzZvw2qv/2e/wBtiSepj8gflXPV02bL5FMQNvOfrJpW9YJ28o7dI2I+tBwFt0+0SvRgPxp574G4P1H4Vnp+wOH9puAMs3rSSN3QCSD95Rz7j161Q4b3yOFCsmbwkOpCMp3DhhDLpt8ta9ZV1YTQLqWwIbRT2lfnyqippZ7EcvwzDJZl1tSQSxWM7oCIOQnV03hhqJhtiaU4pwG1fX32FZFJ1KbW26wfsNyIMDy1J65MCggo2g1EHY/wkbeW1J4zhbZjcskJcJlwdLd3/GB8L/xD17JU09+xnl2MR7RyXUKsIOpjnMyJkHbSQaF7zr+Xrufxr0C/esYknDYm21txqJGVgfvW2EqdvIj71cvxX2XvWlZ7bLftofEU+NNJ8abjvqd50q80n0+mYb/RTi9t2o2FxYXdVdTGdGBhvIjVG3hhqJ6SChnrEeD51VyjHIv/AN5wH9xiP+sv5VlUMHoa3S4oOTPVf3VZJOYk9UD9NmZC3pNEtC2siGnmWR1BjqcoU/60LE4ZmUhbnijSVGYd91kbaUbD2HRQGJeB1ifT/X1ri3o2RtWbcZUUqCSYRXQZoAk5As6Dc9K2LN5dEOnVnZiB2ziT6nlTMgrBDJ5qIHaYKn60s9tAfFCGJlXKSBPQLp2o0Dzn9pfB1W4HIGa4rMWCgNKtzO5BkaTyrmuC4F1xWGzsuX3ttVUASczKx2/wzr0r0T9omFV0s3Q4HjNszqpV0Z5zBvDGTfbxVzHBcK379hkEZc6MGGUmV16dBv8AjNWjeL02qWpI9L4zhbOKsvYuFijiGhWBBBBDKQpEggEHbSvDsVwaHyoQBqSGAOoI0BkfKvoRbUfa5zr+tK8Z9t8MlrF3LGcQF98pYqsM8kISZDAGGneI0kScxrrECaSenW/snwuSxdBYEi7knrkzD13rujh1nUaH7EKFnrosk+vIVwn7OMdbt4Ie8eGd3cqELFswQkwFPOfnXXpxHDgqvvbcsPCMyqCCTtz7fo0PdYqff+hXifAMJcK57eRySQUORztILAwx0GjT23NCf2bwzoqsHvBGMAvOSeTBChZRB0M7mrF3uBSyWc+pEI6wymIILwsb6dqPhwzAZ0KkQYbIY05ZSQY8h2pcqFiK7DcKuWWHuWw9tD/d4Yo5/wATl28pINLWsFj0clryXlJ0VyyNHosTt/ptV+9jMdQTBkaka9dDB9a0tozozrGkEDL1nUa70cm/YYK4dcR4fDZQT4lGdjEfZaBrPUU8XcbifSB9ahewpKFUKKcsKxQMF75NAfKlrGAddDegmf8AhjJvv4WZx38IFLALG1cJ3FGIBpVS/NU9DmM+WUR5z6VAYph8aCeQVgWO86GJ20ifSmv5AaZJoTW/So3MeqzIYaSMyMAfIxv2ogxSETOnkSPpQ1LDRa4jjVYP0/ChpcnYa81Ox9DVhlB1FL4jCB+x67fUVhznoelc9u6hz2IYfasOQCe9u4dj/C0jutNYTGi5IUMjj47biHXuVO6/xAweRqDqyaMJ8/zqSsGgMZjYEkOp6o+/63oTXpgRxttLgC3rYMGVPQ9UcaqfKqlcDctE5L2dSSQlwMGH8KXU1Q9FCx2q/wAhIiQwPYA/8w2PmI8qqOKcMuEE2zpHwlc302dexgjkRWk2JnJe1HDg5FwIT4czXLSqWjYNctqcrjT/AIiFejAEAVylzDsqh1ZXUzDIZGm4IMMIkbiNRrrXa4rCPdTLdR7bqS9vEKrlQwgHMQM6ToCTDafbyiOdvcUxCsbF8o8lQWuBWMfYcXhDFYJIbNsTtrXV46eYSrCjzDovyFbrqvdN/fcO/wCqfzrK3yRjs657d1Vi3kkDRXXKSdI8QkddhSeB/ei7G/bcTOUh1dV12KplEQd4nSasLKMkyQEEkGSWUd53AHfl6BllcxEMNCGzkaGdYG41NcKf0Wwnh7jQMy7D4j4Z13jlTLuoWWn0Bb6AUq7uICoDpqzMMs/Vj8qmxJEET5AQfnSNHGe3zpCBYhy5MAqTlVQQR08fSuf9ksRnx9gKIj3sjKV1RNxMwPzqx/aTHvLCLmUC1cJiAQGZAP8As/Gqr9n5ZsepXKWVLsE7fDB28xXVK/6tMS/keu2FAmQQd4nURzArwb9oeIz8RxJBkKyJ/ktopH+YNXvaNsCATtoNO8V84e0N/PisS+2a/eIB3AztA9BArHg/yY2ezfs+tMeHWArMkhjmVlBPjK7EHkOYrqXtqwyuucbQ6hhp/iXWqf2Mt5MDhgYEWl5byS07966BSOtTb7Zt+yFiyigAIqjooC/RQBRSoOlajvWwDzjz2pADRCJlywJmGyiOwgD61Mg7ifnyoeJdlWVGbXUQSY55QNzUleFzQ22aCPFtMQBM9qYiD3yG8S+HqdNT57mpLdzfCSI3BU/LWBPrUsPezqGylZE5W0YeYoeLxfu4OR3nmi5vmBrQBN76rrlJMahQCwH+GZI8poVriNp/DnWdPC3hPXZqZUg6xB+RoV/CW3MvbRz1ZVY/UUAas4dATkAG/wADkL/lBgH0oiIdo05SoI8xGtaXDhQAgVOwBAjyUipEMNmHqpb/AMqAAPbAADKvXNmywR4hodYnv6UBcTcQ5Wsux+8pVk1OwYlSYB+1Gxpl8KxbMHdT/C0r38DAgUW4XynKFzfZzGB6xNAA710Awcxn7qtt6fyk0A2PEcyqqR4SpbMfNSsD0NMBn00ZdpBVWB8iraeo9K145JZEMTBRiGPbKRH/AOqGkwEsRaygslwI2wMqQTuAyEgHkeTdDrq3buuFXMQ0/dDa+Q1/Gp4u/kGbI7A75FLkc9VXU1XrjLbglS6E7ASrd/7NoJ+R30mjALI+LsfMH+lc77QcEW8mVreeCdVypdSd2ttEN3UzPcxV5hriuikPn6NpJ7wBH0FTV27ET0gjt0J7/oC6eoH2eb/7kH+9f/oj/wB6yvQ/3x/7l/8ANb/9qyqfkozwRXYPEC4OYO8lSJ+YrXu3R8ymJ+JDOU91+6fx+tZZRwSXdY0gKhWPUsdTRwWG+o+8NY6cq5xk0vqy5tVgxDDKQfI1U3ePWE+K7Pku30q1xCBhBynTQ5Q0d9RE0ir2rbhDbQkjwslsAxtBIWJprPsHp5p7a8VW/iM6fClpLeuhDB7jNInuu/etfs0YDFl/EZtsYQFyCSBsJMAk696W/aHjv/77y7KvuUE8gLSMwy8vip/9lgz4p5BAGHc6GNPeJ/Iiux9eLr9GJ3keqfvSKYJAaJysDm01+E7bV80vcLSx3aWPm2p/GvonjZW3h77bhLN1/H4yCEY6Fu45V86AfZjTQem1T/8An+2aZ9Iezq5cLh1jUWLX/Yp/nVmq6afgP5UDArltov3baDaQPCBz8qMymPDA9J/CoP2bfswT/TX6b1iXDp4tOg1B7nSR86xWMRPiiA2WNfKaOd/50CANi7YMFoPSDPyo6k/6/wClVuPxboGLMIUTlBIlRvoBOnn6VnDeKi6MwGmwJIB/X1+dMNLBmiDE9xyPlvWW7yNoH16EwfkdakpnkRQcQrxKhH7NofKYNADJB7/StZe5/XmKRTHsNLiMgBjMSCv+YaRtRQ2YhkcZenIzEa0aAfK4khgemYR8yPype3fdR47cnWTbYMPloaC/Eit0W2tvJ2YaiPTlT7Ef1piBWMUHnwOsffRkB8iaOzHp9dPrSvu0JEjKR0Yx8hoPPSmAgHWPmPlyo0YtieIpaj3hy5tiASNOUxqe1Tw2Pt3PgdW7c/kazEtplKM6nQgKGU+ak7elUGI9n0Yn3QayTrqWI7jIZgeR06UCenQ30ZtFKGPvSYPptVXjsPihme2+0f2UB1YiNQXIy+Q6DnNUN1cXhjqHKTo6eNDz8UCR6ir/AAnF3bR0ZT207ScxH0mm+uzO6KPjGZc17DlSoAdmsmdfuurSF/WtHGLtWviutnKg5M7uANwAW8SkiNCY7Vb27piYO8awD+MEUjxLhNm+Qzoc0QHUw0dyNCPMHel0PGV/+8Z/u2/zD8qyj/7uWP4/8/8A81lPoOydy4YgETPqYOtSXFQpMAkbhZI16wDA03qix/FrlnxXLaKg3ZrqCewBA1IriuLe1t2++Wwci6IoygsddNWBIM9NqUeKqE6SPRsbxizbdUd0R3aMjZpOh2Maa8zp864jjHtmiNFu47sBErlVPRoBJ1+78qBh/ZzxZ8e90swjwvJQz9tzInX4RO9W+A9m+EKzS+coAWNy54fFmgFdFY+E6QarMeOfev8AoTbf8HAkDE4hsTiEd1Zpb4gmihIzqInwjp5V3nDcdwzCKLyZ7Nx0ykWzcuMVBUmQ+YLJUa6E0l7T+0mDVGtWE98WXJMullANRAWMxB2ygDTflXJ8F4VicW2W0hYD4nY5UTsWPPbQSfSrcVU7XSM8mn12W3HvaF8VnWyt64XVlhhJWQR4Ut9juZjvXO4T2Xxl+5lW0ykGZcNbGWQAJcATpA8q9e9l+EHDIEe0qPr/AGqlSX1OhMTEde21dPacMCpM7gz+Gu9QryzPxlG5T9sVwLsQC65JGqBg66CNSBqY5D605bt5RCT5Ny/wk/gaWyFZnUydYG3IAiIEf1oGGxRLZXJ02JOoMwNBoQRsfQwa50b0Zu4ghC4RngTCxJ6xykb0vZ4q5ID4Z0UlRmZkMFjA0UmmcUmUF1cIQpLTosDcwJj5VRvxpFALXc4DHQAanKYhp+GTr6VpJibOgxFu2+VmRXBiGMbHYT01271M2xlhdAfLTyB0qowHHLeUs0IJgDUz6k71b2rgJ8PMA85g89fKj+wTRGwhUZcwMbEiDy0MCjIzEeJYI5gyD61G9bJ2384qOHcj4mBM8h5bztQhmWsUGJUghhyO0cjNTZQdCg17fyorEHSaGqNzII5UwF8Rgs65QzpJGgOhg8jr0oGEwt+2YZxcTowggedWWo71nvPM+XKgWAHQPqGKnoMrD1H5VmfLp4j3iZ9BQbhDtlRgHgnxKQYkTqKbRdIaG01Mb+dIZD3pnRWI6iDHpM0Zbk8/mI/GoNbHSO4qPup2Ynsd/nyp9gSe9B3HqYPoK05Rh4gD5gH8aE4YfEuYddJHy/KtWXTUIxB5rOo9D60tAIiKugEeQiPQVImep76T9DWDaAR6fl1rS225sD0JXX1pgSzHq3y/0rKDlfqnyNZSA8VwXshjsSS7jI3W+XDtG4AILctzAPWjYXC2cNdYAG4bd2PeNoRkWDCf45I8hVtf9qXuMXw9p0kj+1dmhYOYxbU5CYI3J8qr29mr7qj2Xztcd/eZ2VQhkENqcxkljtPau3k//XSIYvoU417TYm6wGd0TUBUYpp/EV1Y+da4BwFr5zE5UkS2VmLawQsDXnvA0p9fYvEjW49lFG7Bnc69FCansYNdNw3h9vDID797g0bQZFJMeEbkHSd/zpV5Jmckalt9mm9j8BKBwcwkkZ8hcmNGA1jQ/CREmr61ds2rTBEAW2SuVFKoNyBtA0ElhpVXc4HZfKQXV4kIbjMee5J3J1+KDJqzwfDktCLQyEzzzSddCGJka9q5arV22yiWekWFjEoy5gRBiD59dBzkUHE3Gb4XyifinTLEk7R2/rWgnhJAOvc6R0mcus6AxpNc/xT2huWHVGTOrCQzaZtekzpG9ZmXTxDbz2FxPtG9gsjnM6mDpOvUdQRB9agntUGdSLS+GNgJIJEx05GnsBi7GIX+0tISNgRmOUDXU7wJ0qHvbCXGVLNlFRf8AiZEJ1jRfBqYOomtfH9dme/2XFniltyFJAnT4te2x6QaS4t7MWrvjQm25MllAKsTqSycz5EetRwtxXQl0lNCDAVpJI8MfAo330k6709ZxaeBM5hgCJKk8tGgbajXTeJpJtPo179i2D9nLVrxB3YiTJI0zCDAA23+Zpm5hnACKcyk6sxJJHKSCJ110iOhp34gchgjboeca0phsY+dkdYAOhOk85HbUa0m2/YYkPI5y9Y3jXak8TfhhuJ7Ehh6bUjisdiEuBQjMGBIZFGXTq2w011q1w2MJADwrEba/jsfSj+w037tGgsNQZ3I8pGnTnTCsOVL3UO+4I22Pz6bfTzqCqx1DeUjl0kHz18qW4Mdis0NVZxF1Xy5SR1iRzjy9enOasUuzvpWkwNkazlB5TzA3rTMp0O/WP51M0N7c0MDTIRtJHSh5BvBn8OwqVuRprHyqVxgNTP6/GkBIPUXg6lQe/Ol5VxKGdJ3gjp5fLlWkRhqr+h29IFGgGUqf4T8/p+VSDEc5/D50J0zaN6EaHSgWsPcRpDhljaBMyeXSKQD2ft9ayhZn7fIfnWUaM//Z'),
(596108, 6309, 'laketahoe', 'data:image/jpeg;base64,/9j/4AAQSkZJRgABAQAAAQABAAD/2wCEAAoHCBUVFBgVFBUZGRgaGiAdGhsbHB4eHhsbGyAaGyAaGx0eIC0kHh4pJBsbJjclKS4wNTQ0GiM5PzkyPi0yNDABCwsLEA8QHhISHjUpIykyMjIyMjI1MjIyMjIyMjIyMjIyMjIyMjIyMjIyMjIyMjIyMjIyMjIyMjIyMjIyMjIyMv/AABEIARMAtwMBIgACEQEDEQH/xAAbAAABBQEBAAAAAAAAAAAAAAAFAAIDBAYBB//EAD4QAAIBAwIEBAQEBAQGAgMAAAECEQADIRIxBAVBUSJhcYETMpGhBkKx8FLB0eEUYnLxFSMzU4KSFtJDc6L/xAAZAQADAQEBAAAAAAAAAAAAAAABAgMABAX/xAAnEQACAgICAgMAAQUBAAAAAAAAAQIREiEDMUFRBBNhcRQykaHwIv/aAAwDAQACEQMRAD8ACKvw3FxWGDI6ZEOsR1MfSa3vLuNTiLYuW5AJIIO6sIlT7EH0IrzDiEa2NLjBB89h1ozyLmBsxdQnQcXLZ/NJOQBIVhMjpjfJFd0JV2cHJC9o3jW6Z8OrKaWAZSGVgCrDYgiQR61x0p7JUVmSomSrDL1FcAo2LRSZKjZKuXFimslGwFEpTDbq61umFK1ilTTTSlWzbppStZitopaasaKWisAr6K6Eqx8Oui3WCQhKcEqUW6eEoBsiCU4JU626cEoNjJEKpUipUoSnhKGQcSIJSqwErlCw4mW5rwQuLKAYyR6UHRvBpXwtMEemaPcPxSk6T9f61X5nwKYcDruu/Xf60p0Bf8H8XNp7TGfhNgn+BpwCd4YN/wCwo+rg+Z8q82XmJsurLAYFpPQjswGSDGf6itxyvjEv2xctkjoymJU9jH2PWmsi1RdJ/wAtMLjzp7u23Wq5Vm71rNQmamg+VMMqcmQanIOwrZC4kDb7UtM1Bd4ZgZk1ArOpkijYuJcKVw26ls3gw86lgHNZSC4FT4dPSyD61ZCTUNxgm9R5OXE7PjfGU70n/wB2MFmkEimIrOCR657VPwyHIO3T+dT4/kSm6a0W+R8GHFG1LYzRTxbqteuvr0qpJ7zgDvVnhrjEQ+/608OZy7VEub4ihtSt+UOCU4JUiqeu1O006lZCUKdEQWnBak005Uo2BIj00qh4zmdm0YuNBG+Nvc4+9cpckbFnnvFlkuSD/m8sgfzX71f4biC4gHMYHftEec4qjaQ6VDdiufLv9QapAm22hiSpj2Hl9xRS0Uy3Qzm8fELAxjIPrGPLIMUa/DHN/hXVwdBXTc0yYAyGAG5U+U5bvQPjVuFyXAnSYj/2H1qxwzBNT6RJQnvvDQB0HT2prYrSZ6n/AIoMFZBqDAEHupyN8iajbiI6CfLp5UH/AAPxTXFdHlgoVlmfCDI0ify4G22e9G34BiZH+9K2BIovc1HUDHlXF43SPGMd1/Wrd7gHHyiKovytz4SDWs207ROnHI4I2I95FcsAsYP0P6jyqJeXMg8Ux2q9wIQYEzGAcUjjtOyqnUWqWyN+E7CPOla4eOuaKfD/AN6Y3CziKMpqO2ycYuWkists1y9Y1DFXVsxiR6UmUDf99KjLl4pKrRfjhzcUlKKYOThSMzk/QRVjTSucVbWJYCdpKiY6gEzXU4q2cK6t/pIM+kGhDl4oqkw80OfkeTTOC2JJjJ3rvw6ct9MTIBMA43HTBpXuMtoCSwAECekmYB6jIjPcU/2xa0xPp5U9oXw6ctuo7fMUMbNJ3RgwE9zt1HY+VRcTxQcEaX0jsGyfMqP0OPXFbPWhfrd7JkcE4yMQQQQZnzx/ehf4p4r4dhkVwHuDSB10H5jP5cYnzMbUJ5lzi3b8NhJfoYICjYEKesDyHWDMDO3Wz8W6S0nxMxPikxM9Nj9KylIq4x8KhNbl9TXdpzl4mPMiTnGN5rlB7nFvcb/lj4aba4M4H2BJ+4pVsWDKJtlsoykwGAfdT0PVT/IjpQrnPArpGdm8JiJwZx3xkedTsiup0kkzJKnqfEAwHYnYdzUvHXkfwg4VvmE4lRvPrH7xaEvZOcPRm2cyNQkgyfPfY+/3qS0ukYHg/wB4GPeid7hfCxeMHB6dQYI6/KCN6pFjaJI20yTEz2Mbd6p2ie7DX4SuvaJIYrqSFhVOVYEg6iBMauv6Vv8AkfOLd9YYhHX5g2lZG2oDUR2nO9eX3Xb4epCVYEEgE4MjxD2X7VoeW3xeti6h+HdUw3bUJM/6WmevbpUJRd6KJqtm04vmSq2lAHEA6pxJnAjfbfz9arJzJicqhHUCQR5TOPpQNOPggXUC5+ZDK+4jUM+tX1SRMdT1mY6g0riNFoJpcRv8p7H+XT7zXLvCrmBmhiIw7+kVPrHWfv8A7VKfHJ+S/HyQi7oIomkZOeuD/enax3EfT6zQ5dJ6j9+1IzH5SJ69OntUH8bey/8AVLwize4pQMZ+keWZplo6h8ygk5GoHqD+YY2qG6twR4QPENWdx1yNtweu1RveEw1tjv8A9uJ9SSaz+NHwKvlvyX3tRgPv0AX1ODSZ9PVm/wDWqPh3+GZ9Zn7UuvVR2An+VNH46QH8psfxlyV06cyD4gvTrIxMYEmPpUNw22BRtJQeGDpYGe656yPPNDuJ4u2zKGuPadd4lSVmPCGQl9iMfXsM5vznh7eUh2ggnOok6SSbghugwpEFfarx466IT5W+wtzU27QFwsEHRVDBmgbCDIxggAeZispzL8QtBFtTbkR4WOuB1LbLPkJgb0F4nmb3CdIJneckjfJOYmMeVRcNwD3X0s4UwCZPQke05GKrHj9kJcnoZd5jClVLSdziPqRJ/faoOHsPcKh9Wkk6QNpwZjtnfzHei68FYt/Nckhogb/YHGO+JqvxnHksCk6lwG6mYG3sBVVH0Tc/bH3OJcJ8O2qppwxkTIjHfBke1Khzo35iffG1KtgDNhLkt4J/zVYllw6EjI1T4IycdPPG1Wb/ADJriq6EB9OQAPEUmVkHtBHpHqFFwFtS+B9UjsTLHpscU5eJDnU4CuMERAcH9DkmR5RHSKZewkvOERvDBS5Je2wwrSZKnpJokpt3ASrSoEQdwRnftncYrKNw4MmDAMFfzA438v61PwVzTD2yZAIM9vamyrom37C3FcOyrIBznH296i4LmTW7i3GmFI1kYleoIGDuT69KiPHOfEreIbhtmGMeRx6Zri8WrtpIAYn5W7wIEjzxT5pgSNzxHFWgDknyiq3AczKObdy4ShA0tB8EA47wcZzEDGcZ3/irogtsuqBpEmWAEAfNg+n2qwbi3BqUCIJEAAzjwnG429qKhew5JaNBzDmt9AxW0xUTDGGkfxAbxgwYzVNPxPd8Ci0jMdyNZkgSYEwOtUOB4m5blVXWm5RgSpmPykQG26Z86qXuOBlxbCXN1KaSqqQsQmiB1zANF8YM0g6/4ivn5LOevhY5GMECIn9RuKL8JevFQbgInJ0W7moY28SH6GTWT4DigE1sHBAhnDdTtAiSDAE+cTtUb8bcVgVefD4mQFQuqSQBj3B3ImkfGFTDXHcxcG5bsW/hwfC0hfCDLnxlQniBmAZ6xirHKePuMQLiuqwPGGR02EA6ROo9SScnzFZxLzMQxI1tudK7DEmB1jfcmpLrp1LnSZjOlSc7kwPYAUqixpJd2bLieItW2Aa4Cx2UeJz5hRJj2oVzHntiwXkMXfwsqsNe0ZgkJiPqKyPGc+Cr8Phho3DXCZY9YU7x5/TvQa26iSQSd/KfPrTYoRzaCnGc0BYiymhMbwXPmWGxO+PrVW1aLkYz6fp9KntcdbVY0HVpAmRG8npsRSTmRBkDbbyIzkdRvTqkI99ss/4GOgBWCffy71LxllUEEHzxpn19f5VFa5muCxk6tREYkTAgRjuJrp4+22HlsEyZyTG/kJJoZbDiq7K1t7c5WR2mrJ4//t20X0GemZNVr3FJJCKNM4kff99IqB7paJMDp/tRyJ4j+IcuZY5pVxR+/wB+lKlzGxKS3Qfy5n5vXsehzSujYESBIHrnY9e0edV2cKhg5ET55/rmov8AEE7bzJ9MD+lcMZNdHa4l/h1LtltLzhjsZnwsfOYmlZvBTpYQY379j6ER9apLckx9+37Jrpbo5wfqP3iqqVk3EJutRXVBHi9j2qLg3IMHxJG4wRvkd89P96m47hLmIAg7NmMgxPn096Ni4nG4plGi74kg6WiSCTO/bffvTOHusp122Kt3GxHYg4PpVdeKkwwjGR08I/XE+9NAjKk6eo6jzHeqQ5K0CUbDvD8+z45UyDIiJ8wNhRvknB2ys3bS3EbNvxkaVBaTA2HadxFYV36zVvgePa0wZGgT4kM6W7z/AF3q6mTcD0hLHAq5Y2BqnaSy9NlmOm0dqp83t8Pduh7coVgXFhQuBAGDgxGO1DOE59buGFQhzsG6+hAifI1YbjgoIICDthQe56Tk0MmZQQK5s622KIvQE9zPWZ22EY96Gvw9y4IJCIMsSdvbdqk5pxi3LoS0PJnAHSflHU+c1PwPLrjmS2lZgs+OjRuc0s+SlRSPHbsp3uXKhCh5kAliIHt/Kpnt2YLMWEY0gZYnIM9pGavcJyQFtFy4wVvFq6MAcARtmZ7e9VuY8ts2wxLSPyDUdRMdQdh5+VTzvQ743VlIcKGLBcgMcjPhxmKiupBYZnH3E/p+tcPEIPlQCSO+wzBJ9Kju8QWMmB/TyH1prJNI7Hf9/v8AnTg3aolb/c04H+/3oZAolVvc/pUmqMn97/0+1QC4OkUwP9v6fbFLkZRLS3frSqjceBBP7kYrtANEa8FdiNBM+W9OXl9zVi28bHwnEyO3pW0XnF7qWx2Ztv8A2rn/AB65qEM/n428z38qRcX6F/JXoxCcM+xRsgdDvA/pXfg3AdLI3T8pwcf0NbEc+u9WfAP5286X/HLsyXeP/wBj/wBaZca9i/1H4ZLgrD6lV1cA4JCmfoRnNa1m8AQqXUdwCfUYg57j+td4bnd2QS7kdtbZ+9GxzW5oDs7AdtbT08+9OoJGXMmZfieT2r0Za2wxJBII6CDkRjyj7O4bkgS2wZxcz4FC5E/NI3WYGx6Y7E1xf4qa2AFLs058RgD60zhfxTcZGLmP4Ydugz69Km4b0U+5dATj7C3AJtlSABIHQAATO4/SgF/gXQnwkjoVB+kbg1uuM/EDKBFxmkAgAkbgb5xQW5+ILzE+JvIBm/8AtVYxElyoziJcEH4bEjbBHn03qS49y4w1oR3MNge9HU5peYx8R5OBBJ/nU17ir1thqdz6lsjrT4vwKuaPlGc4NbqMWtqVhSJgzkRjuasX+J4i6xB1RPQYAmd/LFF+G5leuPpRzsTBJ6dN96scS/EoSwLEA7gk9etTxH+3XQJHM7tu18N1lknQ28K0ySR1mI9PKg7uzGTJPp5kwK3iJcNsM7trcSo7ASIPqYoTe4u4phgQfU1sTS5a7Rmln+E+wPnSz2O1aNeOft9ye9SHmLdhtRxYn2x9Ga0t/Cfoa7DGPC30P73itKnH9SP08qVzjiPlEb9B/ShizfbH0ZpkYDCn6H996cEeY0sT6HcT5VohzO4fzfYf0p45jcOzn2jy8vWhib7l6Mx8J8+Bs+R9aVaX/iN3+Jp9R/TypUMTfcvRKEkMMzkVAOFMbnbH6UUIA2A270x2Mfp506PPd+wf8Cm3LJHzbb71eOMxOMCPPrTWcFjq8Rmf396akC5FS1aMgnC/7U7ibrwM7bDoP61Ye4O1Vbrxv9KOhk2VgkeImcST671CTOAIH60QHDbNcI8l9v39K5Z4VmMLEd8wKyjY7k0Dn9BV7gOV3LpWFKofznsN477USs8rWejHuf1Aq/yrjLdst8TWy/kVIxnJz3inoFvyh1nlVpPlDBu5yc9u1P8AgLkgznPcH0ounN+GMsbVzQCJuEAjMbicdfvQ/nPMLfxALKDQoGpsgmRMQe38qDRVSRmeYcOq3dVsQfzDYGe3bpUvDcXct5GBmZ2kggfrFS8eguNqAIJzH8wf5VRYXLYlcjYqcj1ihKOjKbTL/DczZGLXE1dIPQGSNIP7zVfi+Yi4IZDvjAkDcjz3NU24ss0wB3jtUycQoEaARMg9Qe/2ikSQXNtVY1eHU5BO+THTp+/Oo34UjrNdW6ds/wC9KTHvNMSY34JqVVIHWKYxrqA9DWaQtyHBT0NNKQd6lVP3NOa3QpGykRBZ3/e/9aVSm3SoaGthJVXEZNOPDgfllh3IxFPscPe3CsMfw9/arbAqviDaticiZPpWyD9TBHEJpO3TMe1Ms2p2GTV9+0mCcnMnbFR3bkSAIA+/vRuzfWMfh4Bjvuen3qo7KuBHqep9TUjOzV3geCN19CiTuSRgDvjNAdRLHCcEHt63O8mB2G3WpxY0hQo8gOhmfvn71pLdrQqpgQAABvjFXeB5bD/EY+IDCnZSTIb1gfemyodcdmZ4blP5rtwIBHhkaoImP8u/WqzWrUhUUhXIh3OV8OIExHnNbi/y23cy4BJ3IHlUa8isaQDbLR1kzQfIH6jK8BbtrCn4cgN4i2+TuDjuJ6e1Wn/D7OQxuIfDCksuwkDA36befWtGeR2SP+nHbPtnv1386tWOECAaWfGBJnEREHp50jmOuL2YRuXwxQEkJ1xkDB2J61IvLbjEAIjHtI1DsD5bDPetZxvJ0uAzpQltXh8QmCMyB6/Wn8Hwtq0YtlRjsJI8z1rKQfrZhuZfhtj8qFHgeE/K3+ltp/pQK7aNo6biFT5iD/tXsIJ2JEVS43gw9slrVpmBwCpYFZiAQJBI/nWyFfDZ5gblsgQoB98/Wn2LakYYD97UY4j8J3DLW7bbnHv0BAIHaaCXbD2mK3FKsNwRB+lNZJxa7RaUA7xJHXGRuKj+MokBB1+4iKjS7HX22pxssRqABn60DP8AEIMvaPau6hS16cPa9xUbOhyNQ9f7URGmSMwpVXx3/WlShDD8xtMIt20I7mT+ufvXEe3bJPwz0kswAB8gBPWgiXeI0aTbcnGdDRnMDc47eVXHvPpzbiOpkT7FsVOLO+fHstm6Cf8AqW1ztqM+2Kg4i6RMkkddKvH10xQxeO0sZ+Jn8qaP/sf0rq37jZJuBRkBoB+1Nkyb4kELV+23/wCQL/4tJ/8A5rXck5S9tvhoCCxl3KxG/foP1msFw162zAFLhJgCAuST5ma9ma8iEwCJPQDPrQts0YpET8vFoCAI21dc5z9P0riv6Zp/+MUZB+tRNzJOpHrFHYyaRYSwxMwffapGskdY9qpf8QDfK011b7+X1mklGT6ZWE4rtFv4fUMKRtnymq6cYQP9qeOPGxUjzOai1yr9Lxlwy10OcRBKjHmOopwYn8y/f+dMe4rbkRUYujcb+Ypc+R9Iq+PgXb/2WdLTuD9KaU6EH952qAOx6jv17DBj0qRbvp9Tiipz8oz4oeGv8jWVtTHW2qCQpPhA6DTHl+tUuO5Ot0Q+kZJ1KvczHiMxn0646ES0sTIxgDy8zTSjyfEApGwGekkmd96qps5Zca2ee845CbROqY6MoBB9Z26YNA2RgfCWx6D9K9cHDEKeknxAHB26Rj2oJzb8Nq8vbCq0EwJhojpMA56dqdTOeXF6PPU4gwQxM9DSewMGWGM4ok/BiSGUz18jUVq2ysVDKB2bfp5Vs0TwYP0DufrSo1/ghGmAfMb/AKUqGaN9bAF/jgyFbnBtq6aA6jEfwgz643oWzoWbXbe3/DBJHuDJ/wB61Dcu1nN9yJ2hAB0wBv6+dRpyxVkgA+hLe5LDw/vzpVZ6DoEcq4+PB8LUuqVZQAxEzpIKw3bNEL3NLOnS1sq87G0NQicEE6T7j+1e5yhGJLDSInLE5iQIBjrt50R/D3Irjv8AEd/BiSwnVAACyWJ27f2po90TlSRpPw/w6fDW4toDzK2ludDMaTG3+1Grt+ehPuZqFLqoAgtyBtH9qbe4of8AbI+tVogx73IyymKT8WpESw+hqFbynct6Vy46gYXPvWAMQAHFw/Sp7V1gcsPpVK/xqoPGyzBJEyceVVeH59aclVMEGMgbxMGNjGcxSuvZSLdPQfF8V0XB3oeOKWMz9K4l1T1pqJKTQXDg/m+wrp9R9aFhh3rp0/xL9anNuK0dPDCM3cgoLpG6/v2rov0ODCMEfWnrckUITuLdB5Pj4zST7CS3RUq3hQlJ2mrdtDGSKKdqxJQxdWX/APE1wEEzP7z/AGqscda6H86zimLGbRBzzltu5bZgIdRKkYnyNYvieTSZcAx/mmPat8r1W4gA5AX0Kj9ZFBw9Guzzq5yxx8jMI6TI9qVaPmjFBJSRMfLMfelUt+jUvZ57b/D/ABRTV4MTguJHmYB/rUF7guOs5KvG3gYt5wFEkfSK3qWLVwD4bEPEZKupAMQSoUqZO5B6ZzQjjeFvNqYAl7ZBKMYDDEx0k7z16GYl0lR0NszHC8XxDSXODjx/M3ZQvXJxiZNelctizYt22KhtOZIA1HJiTmJj2rK8iZnufGvK7MP+mqqPhjfsSZEnB23NZ9+f8UHI0kMMNOtiCOgIOBPamjLHYko5Oj1cONxnzP8Aaugz1ry+3+JeLYwi+I9BqJnyQsDP9vfWcvPE6Fa6WBjKSkerNEz7+5qkJZEpwx7Ya4hNOZx9xQjnHOTbPwwW2/Jgg+Zn+X6A1cVmKyymTtJPttvXnnOOMu/FcQC6MZ8t4K5nT29qXkk0qQeGFu2a7ll627tquG4SIAZZKkzlid4/X70QEIaIVg+k6QIU6pdCJPiYAjGPFuKA8n5pcQgs40zJwMCSWG3WIk+W1OXmqWtW5/jI3JMZG2Mnfr2MVzOTbOxQSiei8Aoa2jPlmRSfcDOKnGjZQZ7DJrO8v5+LkIh0gqNJYYgQIB/tFFk5itsZRyOrSp+pH9q647R58lT2iw6kdD/P6U1HMYP2yPY1A3OA2EEewn+dcS45OATTULk1pFxZ6mpFuRUNq4oJV41ESATE7bQc1IyA42nsQaAdvbLSjV+aDTgjjZgfQ0NuB0MCCOlMNxv4RTUKLmv4iWwyo6uXbYCADHTUcewk+UVR4H8a630vZ0g7ENqznHyjOD2oiAjrpuKD6gEH1B3ptjknDq2tLSA7yFAz3A2nzipuLsrFxroO2ixz4R7n+azUrKRkr7yarWboXqPPeu3+JXEN9KwNHbrocER7T+lKkIO4n1pVjGd5ZfVmW5beFcHWpYAgdCTjIOx86ZzHnVpps8SrIxWHcBwomPDKwVGfy/ymgPD8FxaqItEETpYm3Ef5hq6Z36e1FLfLbjWx8TG5Hw7lwAz0ZQSnfbGKglJ9HZcV2Yv8RcB8K6ot6rissoQdcEGCqsu4286u8HxVtCG4i2XZpDQ5BlZADfxMIgmdh1iiIN62zh5QMPAdQMEbzqAyJESCMbmaxnFF7dx1ckPO4JGqSTq36zPuaZqkKnbo9G4DmfDsIS2EYjKsuY/19R5kjbzEyjibaOQ1xCR+UsCAe8gxNYPh+KWAToLSsEtDCOh3iDma43FKZ1Mgyc6tTZ643yT96MeR9AlxLtnoVzjJUlYM/mkEfUE155xtj4vEvLES5QaRkR4ZMDaR5+1ScGGe74XOkSCyggMTAhfMxnGNqgug27rzq1h3PeJJIOT1EZ86M3aQIqn2a3g/wzwrWyqO7tGcmGIk7EaTBH5e29R8X+B7b/8ATuuCYMeEpHQxKkgxOKD8JzwqGF0K6lTHyh5A6HSQRuM/2qc/iN1CKjooCwBrckSTg+IAx6SJwaCxofYf5f8Ahn4SqFKO0QC7kdBMJEDbufWnPqS58NiquemkgMI6NkR6xWd4j8SXXOr4ypg+EMDJMbiM+WP0FO5fedpfQ7OygamHixGVUDA3GfLpTRl6JzgvJd5nxV63bcrbC3BkEAGFnxGNjArPWOc3FElnZjuyuZJnH09YrQBLxgMkRtqJB7dKgu/hW2+dIQnoDK+vSKM03tMSDUdNFG3zpjAYNiCQSSDA2UE9eo/vOu5LzO3cSNZVt+ogbRnAHoSKz/8A8at2vmV29GIH0Uz96hfkdsHUpdPMHr6maCjIZyj0bxnkeLcdfTvG1JXFZLhr7IADddoxDMD5Zx/tR7hPEs5gDvvVEiE0r0EtS7Y+1dKRkGPQ0Nu2yYPh9CzR9BVf/AtcPiLL3Oph9BO/t/cNtBjC+wwbjDdj+/KKltPOwk+k1VW4EULbAuFTBLsQek74Y79KkbnDI3VZOAQPpgZ22FDI2NBJA38LD/xP9KVO4LmLGZIbyGG2HRjB+tdoB0DLr3OiFRPQ426iOn8sHM1R4jmK2zBlIH5ipkf6cmPQD65qvx/4YuOfBxT/AOlhIOZzoYdesdfKs9x/4W4qQqsjJAGoHxY6gRjGIkUrkdCii1zr8UIqgW7aOYEifCBtkESZxgiPM0Fs3V4gPbNgAkyAhJKT1XBKem3lmaM8Py3hrML8Es8D5lLMScTlYB9gOkUS4fmCWU0i01uYbxIV7duu8H+tLl7GcfRmW/BjkSCBOwcQd/8AKT+nSp1/BoQTcvAEjZVKgjqJO0eY9q2DyV1BwQRJAG/U5xOR9qr8TfaINuc/KIkf6uh3649aFGsF2+ToukLgDYgNEDtBEE5yfvVHm3LnMPKMYAhwyMQDiTJmJ79PatIHMh3BA2W2AuNMZZhic/eoeb3A3DsFKAkgktJlegAk+KdMe/fLPYqSWzB2eFVWHxfAN8SZ22ER269avXuJsBCRaVgCBkAkk9Mg53PoKv8AMn0hEBDExgDIjUcz08SmB5+wzieAvONWjwjI2GR26H+9GkloFtsO/hbl9q7b+IbaapMoCFGkkgExn69sVp7HCWf+2iPB21DAxkrH1Pbyrya3eu2nDeNSOqyOs/v2NG+G/EXEHTpvSAM6tLbdTIkn3mgpezOO7Ru34Voa2CrKxAHjBaemCP07Yqjft/CbS2qdwehA3OCfvQK1z/iCZYrjBAkHYQQZOnH3HfNUbXGqpkNqUkyDuIxGSQRA9j6Vv4N/Jqg4fwhjqJgE7EmMeX329hSPC/Ett4oPSYkf2qpy6zcvSvD2yREHYKs/5pASV88zR/g/wje3N1FPYBrkfoJqkUyU2jJ2SE+ZSxHmKJcPzQTjX5BRkfQ/pWitfgwb/wCIBgf9v+fxKG874C7w0KdOhtmXA9DiQ1N0ItnbfFzsGAGWLACB1Pc77dadx1/KG3sIlSZMGJJERriN9hVbkmjTcESTvqg4AMRPoT029KlCorsRcBZi0nacgGB3H1271Hkk26LQjSCa8ObkOqwCNRBYEg+nXEQR2HenXuG1KQzgdlI2yYmJBB74jPaKrcJxRDadIG4GnTgQYO4O35cZFWrhUaWmIIMK3vBB3EwfKjGVonKOx/L7EavGynEjGkdMDaJnbr2pVXu83HSYAiYn7D9dqVC0NTCicXbedDq0CZnEZ2aIPsaeLqbgyOpBn9KwfJ+dsf8AlqGaJMJHhHQlmIiYmesnoTRh+NRgwLNbb10x6gQCpxnByc1kXDt/i7QbSSp3kyPoJ3H96Zd4ZCPCyDrgDr5/vesva5uh1EsrupIPYKPzDUAYPh2Y9e2WJxTuXdySqnECBG2CCW23JOK1mSCvGIpbSSYGY1wIBifL1k/XaLjEuIsypVYkJsAsZjeRPt9ai0WgA2rSCSDBJJnsxJiN+1UuMvrazbMzBk5BBBkN6Yg+1FGaRE/MCHkhipEKg8QYZBbB2GRGB3mYoTx3M9QjCgSVg4tj+MiT4sx5kwN6BWeKfUNLddhJEeZOK0nI+Qm7Fy4sIDqAMAMR+Zhgx7dSYEmUyMo2UuWcUqDM6TtBDMvmwIgnafpmiy84EAB1HUhoEn0O2OmOuK013iEtWvl8KjIXbsAAsYmN8Vi+ZcOt0fEtoqGfEoAAgjVqIUR0Of7UA0Xb3E2rhAENOCMVnuYhFuQoBETnIB2NTcBwhczcJCL0BGrH6Adf5UdVuHa2i/DQ74bTqgz+Y7QBOfLyo5UDFsA2kW4MDI6Ekj3E46D2q5YsIxyNhk6gTjoANvfsatNyxblzTZthAF1Owc+DJEKJ057nw4b1Gm/+PfBa3dW2rgKC6M2GaCwOuYbp4SYM4gbNkhMXdEvIObrbthNBVPyqoWZPv8x3k+9H+J5zaVNRJaBhACfdpiTMY26UJv8ACWvBNv4TdVZAq56agSdyfzf2i4zlRUO9p5gfLkpPbxGQPcxmguRpUF8absKcT+KLWnX4gOxHr1iJrNcz5+10hbS+E76hjPfofQT7UM4qzcNtVuQqhjp8J1Ej+Gd+sFZ2MVC9+3aXH929+tG5PsVxiuipznmBsuBbMSSROwT+E95n7dxTk/EaMQSAvQqYAHYqTIPU9DmhXNOGuXXVyAqkRJwAZJ+uR9KrLytZChtRPYYO8wPalm7Y0IqjRNzYSNS6uxOTG+GG/SBHvvVn/iDsJDAAnEzq9J7GPpiSayd3lly34lJXeCDvH0/SmDiLwxqBPpmksfA2dkE+ImHBIyfrPWd8+dKsknNLw7eumf1alW2DAIcLw960ygalUkNEASJgN3779/PNt0Lq0sRG2ogDBO4iR/aj3LfwxxL5uMtsNvqMvtHyrIB8tQijfB/hK2sF21wxkMGAz/CFbG35p6+lOG0Y/guFCnWIcgGRuOwYTkbUX4EgoNABxB7QJknbPfFbBeWWE+Wzb2/gG3/lkx/Kuvy6wRpa0oB/hLDEz+UimSBkYjiY0PbWMIW1tGCIgDt18U/rnKc1v63ZEeEX5mzB30qD1/fY16ZzT8NWXSFZ0jxDTEZ8nVp+vWsNzf8ACl2y3/LbWqiRMKZJMtJJDNjOZyMARWlfgCabHfhflKvLsuB8rNCgxu2SAANgO/nWuucWqCAwgEBmPhHeZMHcYjv6EYLgudXLSfDgYJXSyEnJ8ROfm6RGPrXL/MWuH/mOxxABk+w+p2j7VJFPBoOcKzpqViVJxqk6jEgzsJoBxHFsoOI0KREfmOyyckzk9InaozzBh4GCmPlUHUQTsOyxOZyD0wan5NwLcRcJJAVJLETA2wsAmTMlt8HbenEZHytLrEIpUtgtq+WQcSfL9ztRy/Er8TW4MSDJBaRIWPl3IzJwPMjScu4RfhuiAsFMiAqq05zODmTOSdUzNXbfLUIkQj4OyvHQQxA6SIBx0zAplFCuT8Fjg+BZVNpTbFqTnYmZkYAYROwnt1qx/gyVI+K6gxgKGHoIMkbZoa/GN1Zg6ROxBHzaguRC94nbzounGKyibgg/MCQ2eoOD06VN3ZVVRxbcHTbuSwy+rAaf4/CDiDsRvvFK/ZVrZcaVcCSIBDacx5E4zvjpXUNtATr0jBOo/KIPijVjAA+van8Txy2vmhjv/DAziBuYmh/IV+AnjuMIMG3/AMsgKrGGV4zBEHSwE5I3Awd6E8Xyy1gsqaH1DGpjIDNPyD0kzmBMijJ5vZDaEuFdZBIIDISQDEHb5RttAofxNy29tkUJo3QqpDBmEZGwUw2wg6px0tFojOLszPML9q2PhHKwCpJGGX6eE946waD8MltiDbA8vQ+eMgxgmO1W+acVbuk21DXIIhhG8QcE7bjHSM4rKajbeAWUTjpI6GPvSS2xkqRp+Ju4IYIII8MeLrmAQPv+uZeF5Q/EKLmkom/xHEyNvCMSDHUx22iq3JLOsLc4ksbc+FSYLTgsMiF6T1z2zukNxLiG3btOjwttxbAgrIIG/hEfbzmkoe2CuW/hHh5Ov4jiTBlhtifCJjbr1HuqOvzhgVHwlOSG8RAEaoI9YOIGx91T4oXJhK8xBHiJP2g59vfvFc+IRmVHp3P7P3qY3hjxA9u564ifr/vVUMCxJIABgRMnb5u5/QDyrAJxc75Mj+/r0p3C3NQE7jeARkD+EyV3mJJxvUZggyMHw5z2/oB6imK7gDDYOAT6ifI+vftRSsVui06bnv1Pmek77VR4/gluW2UFVMSDHXz9un7BKy+sSYkdwTETtAnaf2ar3Fb4gzONiCMf+sdD+b9aeLsEjzLmXKWuo5VR8ZBkZ8QGCDG5wIP0wcALfA3WxrABOy43jeI8t5r0LnPCmxxIuIvgfB7TE4HYj7z3EguZWFV9dtfBcGsKAMackQYgT0OPFGwpORNbQ8GmZduH+EwadQIP3/RoH3otyLmfwtGpjonU4AmQTlSBmDB3wMnrXeOhwTCgmCsYjMyQMAGdthNP5V+GeKuMHgW1OA1zBKkQYXc47x0INTVsfSPQrXMxcK6AXRgGCtqD+RYSCBCsYU5IGBRRLgG5URIgY6HJOnIIjrBrHt+Gr1oFrN1mYAMylQusLIGgzjqAMR3EVUt86tEAtrR8sdRL6dMqVPZiI/KCMVW/ZPH0bK7YW4CxOkZljBlhGCCYYb+/0qXiOBVkhZ0uJKlQYgHC9C3pWY4z8S2fC1rTpUEhXYwd5OYbuNicCpR+I0ZAbmhFggnHjlRkgyJ2zvijdgrRY4ZWstpWWQjYnTDY+RipC/bPaMi+YcZqbRMEHJ1dVjAg53z6UN47ngtuxtuXmXnUYVjGle+k5PTc70Gu8W91mNwApJJnC6tsMsZyJAk+W9JOvBTjtLZb4rmtvUwjUfyGYAJWBIG+CeuCR2obxt664HxLhFsZmI3nwrAGo5zEgYJOZriXSJNi2ABg3Hhj6IDsPYn0qazwB1BrjFmPyuTP/rO3lWSbDKVD+Dt6UhEIkZZo1kdjHyr/AJRt5xTeYcPNxCQNMDVPy+EyQfIj9KL3bqWdwJiZHiM4xg/r3qlzlIRXK+ITqkjZgQMdAJ+pnFNNf+ScXcg0nEgqXsMRAwqzqggGQwBYjBnsO3WDh+cXtQUh9Kj5VkgFYwozpgHp0ielAOWcd8NvhuZRhEkAgbwxxtnoa1HAJbVlh5Y/K4LTgFSJH5YMGPIdoWKVDyuw1xh16mEFBpKsBDgtJYfU9B3pUzheYBUAuvDaoJPi1YOkPBBwAeu/3VNX6BP8DdtBomPP3xn7n61DwtwlJO+gZgDt2pUqVioscNaFweOTjuR/EOhqnacwc7AieuGAydz70qVBmXQQ4Zsgf5R67DrvU/E5Qz2O2Nj5UqVNEzMhzm6zcOCxJi4B7aNqGXkDC0WE4Y+8gTSpVWXTEj2bHhOW2rRi2gXwzOSev5jn71LYyP8AypUqRhRPaXxKe6mfPFeWfi7w8aQuA5UsB1JnPlsNvPuaVKln0NDszty60usmJOPQCtld5NYm0NBgsAQXc4gYEtj2pUqSI7JeL5ZZ+H/01wYHoF/Xz3rOlzcuhXMhQoUbADfEeeaVKjL+00ey1d/6oHQYiriIPGIx2rtKqRJyBPMMBPM586K8ZeYwsnTpOP8AVv8AWu0qYmjIvt6D9KOcqtg3yIx/ZP60qVc0ujriGeamHKD5VeAIGwDY867SpVgn/9k='),
(797863, 6309, 'compsci', 'https://encrypted-tbn0.gstatic.com/images?q=tbn:ANd9GcTZ8UtyudALcoaShMrEZz_A5opr5OnrVmw7s4BGRFzhkQ&usqp=CAU&ec=48665699'),
(871145, 6309, 'lasvegas', 'data:image/jpeg;base64,/9j/4AAQSkZJRgABAQAAAQABAAD/2wCEAAoGBxQUExYUExMYGBYYGBYaGhoWGhogGRwgHyEaHBoaHxwaHysjIB0oIBkcIzQkKC0uMTEyHCI3PDcvOyswMS4BCwsLDw4PHRERHS4pIiguOTAxOzIyMDM2MjAwMzAwMDAuMDMwMDAwMDAyMDIwMjAwMjAwMDAwMDAwMDAwMDAwLv/AABEIAOEA4QMBIgACEQEDEQH/xAAbAAABBQEBAAAAAAAAAAAAAAAEAAECAwUGB//EAEsQAAIBAwMCBAQDAwkFBgQHAAECEQADIQQSMQVBEyJRYQYycYFCkaEjUrEUFTNigsHR0vAWJENy4VNUkpOy8QdzotM0NVV0lMLD/8QAGgEAAwEBAQEAAAAAAAAAAAAAAQIDAAQFBv/EADIRAAICAQMDAwMCBQQDAAAAAAABAhEhAxIxBEFREyJhMnGhFJFSgcHh8EKx0fEFIzP/2gAMAwEAAhEDEQA/APKopwKQqQrsICAp6eKeiYjFKpRTVjESKaKkRTEUDETUTUyKiaxhopqlTEUDDUqVPFAYjSp6VAxGnpUqARqapRSisYjSp4pVgkaVPSrGI0qlTVjDU1SimigYaKVPFKsYKAqQphUhVSYhTilTgUTCimNPTGsYjSNOaasYiaYipGmoGI01TqJoDETSp6aKBhU1OaVAI1KKelQMKmp4pRWDQ1KKeKUVhiMU0VOKaKwpClUoporGGpqlTVjDRSqVKsYIFTFMKkoqgogKlSAp4rGoaompkVA0TDGompGmrGGiokVOmNAUjTGpRSoDEIpEVI0qwSEU0VKKUUAojFKKlFOBSswwFKKttpNT1On2sRMwSJiJ+xpdyuimx1YNTVYRUSKIpGKUU9NRMNFKKeKRFAxGmipxTRWMQpVKKVYwUBU1FN4Z/dP5Gif5M9sgkAkQSokkZjMCIkRz3FGWokgKNsI03SLjuUGxSEVzvuIoggZkn9O1E3PhnUBSyi24H/ZXEcn2hSTP8K3uln+VNdLJaQqqk+EgUMpJLKwmCPT0mm6BpmPigDCu44U/uAZieFH5e5rzdTrnG/g6/wBPbujmuodEv2V33EG3uVdGA4AkoxiScTWaa6e+ALd1biLt3rIOJif3YP61gNoyWIGBu2jeVHfbyTBg8xxXZo9QprJHU0nHIKaar00blWYD5YweTM/KPxcHiorp23bNp3DlSMj6g8V0b0R2sr21Gj7HTbr/ACW2b6QT+QqF/pt5Z3WrgjmVIj64xxW3ryCgULS8OtvpGgRLTam/bZ0BK27YkeIwALFiMrbUESe+5QOZFj/Ejf8AF0enNoyNotbPQHbcHn3e5J95pHPODshow2+502c8RTGtbrGgtjZdsNNm6Tt3cowjdbcjusgz3BB71lMp7j0/XiipWQnp7JUQNPTqpJAAkmAAOTPFJLZOFBJ9ACf4VmxKGpCnKEcgjE59AYJ/PFRDD1GOaVsKRq/DttWv21YqAWE7p2wMtMAngHgGivjG4h1Dm2ECsQwCElRIkrLKDgyOBVfwjpxcv7S+w7HKvMbSo3AzBPCkY9an8V6IW74tqfEbbLMp3FiSefKDI9643Jet/I7Ev/WYbU1WNZYco33U/ftUAtdaZytEYpiKlTSKNgojSipSKea1gorpRVlNFazUQilU4p61mo7bqXUkZWzcK7WEAFmuMrXAyhwp2KTuBjtHPAl0J7lpbl25bZUYoqkWkcbhJgeJ3g5+vsKxbPVNUgVVvHagUopbcozCgK0jcMmORWjpPiW41vwdQ/lD70KpEHMiFA9SfufWuaSTjTRRXZtW/ikpKW7xQn8I0+mn8t3GPp+dENr9RsF/9p4bebd4OkAMDLAc8Dt9KrPULwtooa09uFCyiHGAPMIP61p9V63bt2bNtkm429zsACgcLM8SJ/I1xa85RajGKb/zg6dFJpuTwYg+IWEx4sGJYWbIEYkcek/nVL/EXoLrTxFqyB6TKrxPpV97q28fs9KbuJPhvugYydqcAkfnWXf69qEIKXWtJtCbIDMFAAI3EAwSJA96Ol6k37oUPLTgo3GVmdZtXnS2HQhEBVXg8QT5vT1n0INdF09dRftNeFy5ajbCq5IfGGBKsFlgBOeDINcovUtSjeW9cYZwTgqRBEEHMd+1U2X1CooQuq8DykLuxkGMHj3Arrcb5o5VGVurOitahXtAteuHUAvuQgxIEqAyqAzDI/P1NJddZZvDuvcD+E7K7mLe42yyEEtM/hAjnHeudtpqg5KqQwM7o9J4MZH/AL1C/pNQfMVBaTkRJnOZxirQW1VSIvTuVts634o1lpGtIuoCFLSmZLeZiXJO1WM+cGfpzihh1f5lui062z5pGobZ2j5AIjaBn90+wxuqrea+XtztZLIadvZLYYQ3oV/wogXb3iMc7dzC2UALgtLTOc4+5ilnG3dHSo5at9/7GlY6lavW71tfDlVF1QqXCsoQpIS6jcq7T6wMYmqtJcQDcflKjK2SqliMKdtjmCfaBiDWZ0LxbRv7lA2WbuQsbj5UWCIJE3BH1oC7rH/Fpx5mJPlfcxYRgsTHzAgRAMQK1R4FnGW1P7mxc12nJLXEQ7jhgi7WIENG/TE88y0595qH856cMGRlT2W1b4ETk2wTJ47gROc1k6W+ywPAY7h+KMwDwTbwO/P91HXOrufObdy2pKRsRD5kQogIuTIj15zQUY9ybcrwGD4gVmhbigH0RWaZjCziZJwRgCoaPqjum57gQbtp2Ks8A+kzgkRkx6ZrL1mtQ/L4ygFo3hCysQuGcRu8yt2BgD0qWi1CI4ZrlwAExFlGYRBBUO5GInJ/iaG2Pga5VydJ0S8fGR7eoJw5UDBIypG5SokbhwxnzfNBFLquruG4xa6CSlsjf4xZgEG+SrFWAyckkT27CfDuoLvP8qdQqPgo/ll1M4BENJOO5Ej0v6v0+/cuWjbvPcHhq0yyhWhQJVogk7QT6KT2rl9vq0/B0JS9O/krtAtdCwGggStsiYwQDvOcr+fY4qfiaYgsbUMJwVYkHAC8YPHGDkCYqOp0uubbN9rk7BLmQCFIEh8yGbaCRGdxIEwEegauZ3tJjIME8xJ2j+rg8SsxBiyUfKIy3/JohUuMBZtsRtJbygkmJI74Ej881XfFgOVaFIGd1uDAC7sm2CIn07mhX6BeaTfIAG9jcBe5caABG2YiADwOY7bRdf8Ah87Clp2a7gkMGAbcPKM4mB68swJwIT2J1uKbZNXRHViwVg+fIgSUH0gWxMZPIkcTBNQ02k08MeIIBZFaF3TAJCMSZBHvE4FZdzQX7WbisgWSPw5AjdBmY25j0ilY8aWZVBHhs7Bl3LtGDh5B4IH0NXUMNpkn2NBtLpllSZ2lQWhoBPbGIkgTn8qtbQ6ZeUAAIkgXS3mwANzjMAn0qek1V64HI0ttzuiWCq4YE8gRuaXC9uVEZNA6npt8nFpLaNPlXZtAiS0jsB5p9GWO1LWcv8h/YKjp/wC8P/A/+alQ38wa7/uzfla/xpU1LyL7iy/ZstbOyEKmfOTtYwMRuI5B5/eis5txIyog4iZ9PtXffBnwal25c8XTP4TWSVdi+xmOxkyDHeY9vasDW9JZbQAslAxU7tpIwJBz2IGINda6N0/crX9SX6hWklyV6dLXhE2tdc3ABvBe0Znybtt0kgAEtAwTtmM0T0DUNedVvO1za4RAQuAfmlhB4H60Gfha6lsXFdNx3bkuEIyDcFBZTJ8x4gH37Vu//D/prBb9y4I8K5bZjBGM580EjvIB7VN6cO6VruPJtRdWK10lVU3Ed7V0A7WtBQfLBILKoMYPf0rGtdKKXki6fnUmQRMsO+4967fp1+z4JDWt7Mr7G3EBMZOOSff0rPTRhr1n3azH/jWaTblix1JYXYK0dm29i9Pzza2kCe7SJ5HeuV0j3FtbPHcKeVTfB3bsnz+igcV3WmFi1aZbl60hYqBvdRnmMnnI/OuF1GutoNqq7wBLIAVxuJG4sB+MVKEJSvB6c5qNuxabpwMPJgW7pgTBPhzkljxu/hVH8zpAG+5ywkt7Wh6e5P3NPY6+AIGnut5LimI/EgWcT6TV2k6paflXSCZLgAZ8MDuf3DV5qqrwRuMiP802pIAJnGT7H0j1NBdctC1sFslSWv8ABPMKMyRHJz2xXU2NKZBAkQDPaCP9frWD8bWPD8EmD5rpjmf6MRg5ob47HHvgNKgHp/VB4DW33C47KN+DCLkdpP7QqSpIwgyJkGdD1MyVF1huBQqwWMg5JLDdIKhto5Jg4rC0+nJQNIiVEd5lTx6ZrR+FrbDeYIB2xnGG9Dz3/WotKSygwi5zjGwnU3GtO1t0ICs0W2ts3qAZA5kZx6+gqjwoCELfuEqTcBW5t3TA270G0he8MJjHatz4gvP4jBCZNy/xHZj9IGTP3rC/l7GQzsfM0Q3EnkyDIgnGO2cZnpKVcI3U6MYTq3/3kI/kpdR4di7iXaCgO8kxhmyNsYgTHvQKdDvyPE2qs/iuJuAyThZgwp/Ki7FximGLAyDgyAJXJPAyMAxxPamdZ38/pGTc9f8Am/U003NK1S/kaoydtG58JdHuW2vuES4VVZkO0SGg5aQZB4JnjuK0Oq2Ct0+IqW5TTmArQI28DJOJz7RzVnTEAXU3Be8NsLhiCwCqR5hEiSZABjHrUPiLTgMv7UXCbSSwfdkB/wAXH4e1eVOTlqNs6EqwjOs2AABuWZScN3YT2zx2o0aFUYAkDCETHrbBGBONhzAHp2qGtsbWYSI3fwLE/pFTuXGMFmnbIkziNxj/AOmhJpqxqyUX9KuSXAPk+Zs/8LJhTJx+h9oHt6cEeW4JgQNx7qk4xxH8fap6xvKxnII+mN/f+xQ/LD0kCO3LDv8A8tL2C+R72mYHZcEq4KtIglWhisrGCc96pu3iUlQoFpxcEHyyAInMbYHy8c4zRuvm3fS2DiVO3tOSDHqKGHm3kkf8PsAOByAK6NHUltuyc9ON8F2gQFSxISWyFubQYnMSMwoom0hBADkjygnxeJZF53YPP5Go25a1uMzB+UQPkuxgf64okJ5mwcEfpcf/AC1y6upcm35KxhUVQHu92/8AOP8AnpUV/N/t+tKk9VG2M1OldUv6a4z3bTtK3FlbsBjBKt4ROxjIjcrEgGO0VyvxD1UXSA+pcuLNto1FsbjcPzWtpA8scNkY5zWVY0OosNtGpW2bgjyl4aTxgQZJ59/ea0dU+pSDc06G15FNxIXf+ENslreW/qA+YcTX1M9VT4PG04KLxaOg6ppdI+oS2zXbjBFDsFSPJbQ7NyCWJQghpPykAckXasrpW3DT+JpmDKy+LcKTwWZcQSu2dwzArmEtW9PfkWhvQkHaJAx9XtsciCIgjsat6rr7t5jduMt7xFhmKtadth8sFV2kQ7KfVTniubZJZXBaUNyVs63pWiuIDf0509zTuGIRD5rQIEqQRtWMkyRiak+k095rc3ituRu2EboMgLunzZ2nyg4+1ZXQvjU2rarqEKgQqKtpdhUCMEQPbvwOOaE1fxFpwtpk0+3wmDDbthTuJVmIQkyTGTyec026UU3Vifp6eXg6H/Z7pzEMNVZ2xEOAGKkoSCuCflAq1uhaExbF92ZgVGy00TtC4ZgVWYn9e0jL1+q0qp4tu7KlAsGCVZWUQVZpA2s4B+XBHMCqdN13TC5utkAKbrbl9PERUgSQxKtMc4OBJh468mlSf4N6eWmwTW9NFy0qppyroAjXrbK1q4OJwQQwhjEE4gmYFAJ8MEf8VSSyyCpHrgTyT6YrpOpi9ptLF61eRWukhWNp08903Gxa3XQRbBPzRIz6EfqPVVRbQRXkNb8QOoQ8gkRdZSfLOfXvXP1s9RTWzhltFx2tPs8Fen0WpXaDeKgKBAtrGF7NmOJz2kd5rH+I7ha6LbJad1wWLbmgicWwhVCIjJzieaM0/W7iqrDa7KqAqrRJFko8C2jCNzbufw+wqrqOtuJca5cuXbQYBk8MPbBM7juYxO0T8wkccVHT9SUs+Aye1YB+ndFvGfIDti5Kqu5i7AK/zMG83Y8emKja1Nx2lmRlLeUKM9oGVAIgDvyPpWj0XrI8FyEWGdFuXNRea7ujzgAqCxx5uw8v1qjqfVrV9QEW0HtlQ5RW3PgQzbuRMieTExXo9HoS1NZRkiGp1G1JxZndcuTG/H9KWYhS/IJIG4buTP2kiayWPmxPzTznjJxPpRXVWI2kYYeIRCxGVz9cCqTpcywIBIbsARG0ER7qR9q7tXpdus4oV6znHcy3p90Q0z5iAB77l5nkROPpTsfMR3MenqP8abTou9R28VMRP7vM/eiuk6Fr95Ldo5hAARtyShIPryTP2xXN1PT1S8v+hfR1LR0mm6tpxZcXFcMrMGYAmZ2kDzEebAGI8sDvS67q7b27fhI8+GwM8nar+ZQO3mAnv9al8TLctBRsAYFVDMP2hiNvlYQY2D2jiaK6p07/AHe0HtKjqxXdEbtwudtoyZUwMc+xPzEnHfuXlnbeQO5BO5VcEh8gN28WGEZnn8xFV6q2/n8pzv8A/wDeP7vzFaVjp6hSSAJZu2Mi5/mofWBCxwIJaRgTJu/f8dQ9W3gvtMrWKw3cwWbjnm9kds4qvaRcyOHg84Ie5z/r1qrqeoQHAEFjjMH+k/zH86e3eIu7cg+h7wSeD7Guhxe2ydq6DuqAHUg+6n7BWoXToNjcAbrY59CuJqd++H1A7EI0zxhW4+mKtVP2bnd+M/aJIHHt2rQ9sEvsbmTZpdP0o8FQSB5YIOIwVjn+vTXohsiSGI98XW/ia0NC0W1WSMgcmPmte/EE/nQQunbyclfxHvbX39Wrz3JuUvuVV0a261+8n5ilQPjr/o0q59j+RzE+HtZcBH8ru2rlgqVKMWd44UGZIWT6DLDiaA1mpU7rlqzdRAmGDb1aAPmDeYZ5PmiJ7Vg6Pp+sneqMk7F3Tt7jaAQR3AgewrT/AJsW2d2o1B2NvGbiMfNujySdpKnmJkmDX2CjKMrTPDc4yBLWrNu0CTbBcw58rtkTIDDcpXygmTzie2h0zX2UtqtrUXVUs5YPaBtCJhTAnaxM84zwSZBPSNNIZDeuhyYRRAAHq7Ef34IrT0bam4QlqwlpgkJutWDc8sBWL3E3TyOJEcnmtObsF+Qnpt/xSxVUKICQobzXI/GqsskQDIIxuntSXSJu/wB2ZbcCJLfNIO6VK7fssZg80WulAUC4qh9s7lRQTuBJ8wPc7cj1JqOt6Wr6e4AmV2HMkcjEEj37/wDUqSeGD1ZKk+DLu6soQLnhPcMiTZstcOd3GZMnuD6VKzp/CCXNl0sm5lN22ioCRBJkCchfrB96DuqVsM1tCjKEIgnaeAxExBzPJx+dUDqlwBdPqLSkMojJkCCFIiSSAMST6jnNnhLaaGopN2G6jqd2D4t+5cQgKwvXi+1iZ3LuJURtAJIxug8xQZ66qE4Rn5Xw1V4wAF3YE4zCnk+tFaW/Yd7q2rYtvJDFixRlYncCUgRBIkiTjsIoTS9Jui6wslCBuw+McwGB9+eJn603rKqmir021cMj3uqatxHnRYmHuFRgfu2wOM496Et6S+d21yN0bjaDZ7iWJmeD+VEadALpOqwqgym14PpJBkiSMSa63QG2FB0ws2mKFrdzwott5hhmuZDQRBj/AKQn1W2SjCN/hB9Ko7ps46x0rUXWIUOzYB4PYemMgZNdZ074buLZZ7kDeyKF8QsQVY7vIxlR6Qazr/xO25hdUwYGzxGghSP3YETnA9Kna+ILbEW7KoQwtoUNtg42mTtZBkkSC0SZMin6brNXT1FKUaS8Z/Iup08JQqMsmJ1S6fFA2q1tGhlDMNwbEna3E4wZ/WKbdyS8QoJBhd21eBOZbt6mtTS6gO6Ajcm4bf6K7EldoLOob5iq/McTWl1CwNw8SweACxRX4gsJt7Sp8oA8rcn0oy/8jJar1Hy+1iR6e4VHscnd16K/diHVoGeI9fp+tH9B1vg2hfUslxbmxR2YBFLefkMCoxiQ4I+U0c+hsOrMw/owSsXbgZSTvO3cgbcJHIOQPej+h6I37bG5YkObSbIkblyLpmfMTcgkyT4jYxjn6nrnqRqXH/JTS0XF2nQtZrb2s8yb7m1lLFSk7oJUEkzADNjtOKu6x1vVW7M3g8MQo8UE7gNp8p3c+UH7fSue1fhByi6RGKkjJAJie2zEEHHNBs9jH+6oQoIYi5icQSQmBz9ZrkjowpYf4LynK+xqjrTozOGBR2JUQT3YkngyCxx6YyYkLqGsvPcV9wgQwAc+HEAHt3iTzyaax1C9uFrSWWtmUP7OXYKM+mcliDAjdHFWdS16u4V7dwlF2gbx5fWdvGfN/aNMtFJ2kI9STxYBbukf0jbjuQ7VMsAoG/tniPqCe801jqjC+jsxjchz37MZ9YqWoe6t6LVz8Z2MQIAjs8fUdqps6W6xACwyL+Jgq7SIHzEZzyDMR9at6d8oTdJHSWrq3NQShkNaukc8Mpj34NaljTl7NyBzdvd/6lz++sP4Z6Vca7KgKgtwzb95RJgEhZJJPC957AEjuelajSC2tkbzPiXC7vbDYXM4KCQ0hc98kAmkl0M5RWz/ACi36mMH7uSN3SsI/aqODBQ+qkCd4/cFB3gloA3CFAK/MyD5fC9W58h4ntWX8RdLueIxsXDdVmI8lw7kMklHgna3pDAYOBBFc1r+nXLfmdHWIEkg/aRP6mvNXQSjKpy/B0vXi1cUdL/OOm/7yv8A4Ln+WlXHeJ7/AKN/mpVb9GvJP9QzptM9xc29VZ8UsQRfu+I8YBXdBUGRiGPtQfX+kWkTxQfFuEAMbS7LI2gCTJ3EwAMBR3oDoq7LqpdRYlWZi4kAA+RfMBklTAzjmAaP6z1kEPG5gyuo3bduS4ygXmMfMRhTE16KUlKkzzrjsMrotwB0AubDInylhickA57/AEk8Vu9K6rfe9tF0BFF1kC8jzES0kndBkEknNctpXJxwCcwACfqR29q6b4S037dgBA2N/d/hVpQj9TVkN7qkdPpNJNtScnaBx9hXUdA6YpsXtyydpAn6Mf8ACqtHo7YsoAwcwAQHRYPp5pP6Vq9P1Vq3FvcNzE4DBvzI4rX3Ao+Thvi1mfTOmIAxjiARj7E1xOt0jW3tJaYlSoKs2SDMkCRAG72r1v4h6ONrhR5WB+2DivPb2lgIT2mDXp9OtPWVS5s50np6i/h7nOaWyj6gIAQxucRAEmSoEkx2Ek8ieJrX12iu2vEKRhSOAWXdORzB7T2xQHTbH++KfW7/AAM/3V1PVtMRcv8A0TB4Ik4j6wftXm68Nk3Hk61PNrBgdY1ZNiGhvDIaHWQCxG6M8EqJNPqAt0Kys1pQF3BXHhhY5CryCScnj6cbeskWG82zz2s+gk7h6Z94+ork9Tp3ukqGbdtAVdwYPHCDZP7Qz6x61Gs4wXjqNp7sj3OiXVHj+JbYISRDK+Ackg4I9szPvQqaYqFNxTG+S3OYMAL8p7TOe0gVb03qLqCHtG4qKflJV0GQQSIkex4j0paHqkuoZAQH3hN7AMcAgnt5e8dhist15GuDrsQv6XzM9twVJbaY2HyqGY7ScEbowTnicTba/lVtzAuq0SSJGAB808jzLzjzL60Zq7Vi7e8MeTaC0KJy3G3biI2ciRBmqep9IhAtovtXfuD/ADFuCJAjb5VG2SQZ9cBuPEkVWnJ5hn7c/sF7dRqciLiqFNwB0U42kqDGcv7n6iKL6q38nuRZRraqQVQuT6nnHcmDjkcc1z9m49tYuSyOCNudylYI5iMhQYORPFbnT+tFtXm4qo1tVhh5GwpBZbjsADJ78AZJJqM9N1aSpdjKTi83bMfq9xWKFwhLAEshhsSNp24BwPXEUTb6RbNvxLJtu0DcHLJE8LLlQTPf1x71f12yXCPcsLb2gFzaUHf6EruEQNwgbQY5rY+E+kFAblu8LT+GpBu2wytIIZYUvsAMebmSeIzaK2xyTvc7eTP0HStSLAY3LlpQSW2keHAMhztYYj/m4PFGanpu22W1SztKqLlsBLnoAZGxwAOCN39YRFZ1jqt623mZZGWyocgEjlGVyZucFp8o9MHa/XWbgtQDcbyl/EtlWRiNo2spBcEgkFieeO9NCMt1Puy0NqVVn7htrp9lLcCwrsyBjvJCnghctM+m1lnOKp0mgu7iSrpvuggAQ23A3Abdx8xg7XkTMGtLU6wWwptWwjcs34og4Ej6YELIOJzUekPLXIuJvZhCs7BoJAGdpBA3GY85iBVOp05Qg5fJTUhUbqvyT6Pa1GnssQN7lh4u8T5QLm1gJ3bA+ZxlyPWqL/XbbsRc0yNgT5uAV1DGAQeAjD+0faA+pdTNm8Ht3Qvhq25maNwmdiqtwnbEQCxOJwc1q6XqVi8VZtTaCMg3JetK7gmQwwBuEMyjPB7yQevo/fpW43XdNp/g83We2eXz8Wafw7pLV63qnWylqEVi254ZjLKTsIOPNwZkn1rm26laNwPc07MyyZW6jCYjLXrbXV9ZDdqM1XWPEveBauW0trdsMpgBrhLeYgoIJ859u8k82aa/fUuT4bZtgO6IWBZggIO3kFu814nV66WrhUq73Z6WhpvY7NDx7n7um/8A5l2lQn8vv/8Ab6n8j/hT1zeqh9n2PLGuywaewED27+9EXbhYBRQd0GcKfQn3o7penNxoDICP32VRGJMsQDzwJPtXuNRT5PH9zVJGp0fpBZlVBLQWPqABMweR9K7f4M6Go1FwM4LgSVWD5SWAbBxOP/q9Kwvh7q1rTk+I6OJNoraLrc8wneN6gQCIkZz71r9JZ7OouajSXLd5LrILtsMq3MRtCeJwCCBBiJ2gmJpJTsWMGnnk6HXDTWp8QyZOFUseMCcLzQ6dW0u4Bbd0TgnYn+f3o03rN2VfT6i22SQbRYjJHNvcDmhrNiwbTXvDv7Vc4Noq2CBw8Y96FjteDo9Bq0uL5ZIHO4QfvXOfFPw75C1sSJJ29xIzFE63qNy0FRETTq4M3NQ67lAgSLaEgtnEn7VjWfjO3ZCW2e5etwQ7vAcekDk9+YxEU8G07iLNx/1HL9O6f/vYEcXG/vrq+qdPJdz6hf4mtbRdO0166NTZcMJmB2PoRyDng1t3bSNyooTe52wKODzz4g0J/ktyBJlTH0rzyxYIuAz2nPy/NtEjuBHFe4/EfT0GlukYgd/qMfWvKBofK0jItv8Ao5P8DSrGDXtdGXoOo3SzqkKCtwkjAiCXMckxOJzMd6i2gt+INzjYSTCbywU4EFlUEiR6D1IpLpIYR3n+FRGn/al3XcAQYPBmMUHFLKKwbk6BVsvbuKNgJMFVMMGDDB8sj8jijbnWb9tyCot8qyqBmCCZYZJ4zMGoXNcyBAQreRCTsWT5e5iSaL6uniWlZmVLgMHfcuEQFTbEggkBhgHyiBAmlatq0UjKuGWtrmuWwLiI9uMsvlaOO+JEDJEYo/pui0zofKGYhVUH5hliCIkEYAj0PNYljp1oq20Pcchdq2ySDzJKld5yAB5YzMmqOj6429y+GXIBJA+YZUYHMe1K449paGtTW7Jp6/R3rIu7WcW5I2TJABGBgjkD8varundasEgPauW5VvOjABSST8rQIjaJ3DA96zdN1WboG0jHDFgZ7g7c/wCs4rSt7XBVlHIVd0LiYH7QeTdxg7cAmexdJ1lGbhJ+3B0A6NaZvEXUrdIa2R4lsB9wcBQZkmIKkAiQYzmtfqi6VTc8S2fEC23DqfLuG5tzEiCMgQCYkDFc1b2KTZMLwVZi0gS/YDKsMyciQDnFSS49tLipsK3E2FwdwAmcRxJFLKcn7b8FoQxaH+KDaDWXttdEW5w6gMX3sGGDiWHljjHNYGi6iVJDru3Padv3la2SQQTMGSwPGDx6dFc64zMguG2dgRQxWYRQcCIgfaecxiuU1ruzM5glmJKqGJzJkD0+p78VRRcl7mLN9zp+j9SsNfteKlpba27iMbil1Mwd22R+0mDOCc1s9d+G9IVR9Ovh77lld9m5c2KjvDs6OBt8kxDfWK8wa8wM8fWJ+/ea09N1G2lrcwDPI8m4gNnO7af3T39qfTc4O4Sqvz8EHsk1uR0HVhptPf26fz20QKGJGXIY+ICCFWDER3Wsqz1S5ev20RigYruD3QqghiwPiFYXAXMHI7zFY/8AKy8TgZH5ZyaI6V05711bVoSxPdgB6/iMTjjmlnpQ1JOcln5DLXb9scI7T+atf/8Aq1v/AM+9/wDap6yf9idb/wBjd/8AD/1p6h6en8A3v5OV1XViysqpbRX2TAkgqIkMcieTGCe3FBJeIIYSCIIIwQR3FPptM1xwigS2BJAH3LEAVaulaY4Xyy34RPcnj1/I+hq1pHPnk2L/AFVCRcZAzuZLNDMcABjvk+2MY5pumXnJByAZG70/wP8AhQjaawiP+13XAwCG1O2O7SyjPpn7Uw6qdwKWkAIjaQWDGILENjcZ7Rz+bwcW3u4Bqpyo6XQ9cu23bw9R5yoEhzMDIEzwPSpN1i+bLWfEJttMgnBk7j+ZH61x1626Eq6lTJkEER6iPY4ovSdRK7QRKjkAgMR6SZH6Uq2+BNrqkzcu3bjc3DWfcYA81C1rUNsl2AbdATzTETu4iO3NNqbTI210KtAMMIMHIP0NdujLTeEQnCV2zR6R1N7VwNbdlb1U5+h9R7HFd10r47zt1Cz/AF7fP3X/AAP2rzPTXPNPpRra0Vz60algeFrg9T1eht6xS9nUb/6pYwvJypyvpkCsA9AcBwykeV+QRyfeuJHUWUyrFSOCCQR9CMiul6L/APEHUJAuFbqicMAGM/1gP4gzUGmPuV+4FbpBF1RHY/wobUdPI34/Cv8A/Wuz0PxBoL7IzlrTj97Knmc5HfvHFGN8Nq4Z7To6kCCpn68Y+00uRotrMTyzU9P8lsxzaU/pQ2q0xFhz6EH9I/urvdZ8Pulu2rLB8EDOM7QIrJ6h0v8A3a76B4J+haaZS8mvJw/TXKlNoli/BPliP0M53cir7fVQH/Z2wvnBAXc0meMnuR6H6GqdVY2t5TxVnRk2uGHIII+3FGbSVlYW3SCdf4uoHiFXdtxUKtudoEk5XjzEjaVWABGKqTQXFG5WKsoyrkAbSSJSSNyjuFmJFN1BmQsV3hmZpgkAg9/KRJknmrNLdezbfcViUJQgMGnvsIiRtEtzxSpprAzjTyaPTNMz2jcuWzJMbuAeT+ERu7mYjvQzad1Mo0H1B2z/AGgYj7irul9Wci2reIlvcFDKpKKGaSIJmOTAcz+7Wn026t8/tbYLQZNoqj4DNuK8EADgAUMXkrFulRn2NQxIW6oaeNwgn0grz+tC6/prK7G2xQkDy7o3SviAf1hCz6T9q6vW9C8Mb7dxbtsttkEAhsSrfgLZx2OIrA1tufL3kn5V3KZz83eRkAgYoRbcsMedyjkz9FobmZI2srAsIYQCh7Z5jIz+tSu/C9w5tMt0eY/s8wBEkqYYLJiWjiirO9FIQeYiGZSVY5ZvlwJnYMThT3aQTbuPPmCXDnBw49twAArr0obsCRjBqnZhr0x1kPIO6AsEEjufYVufD/w1d1JfaCSigqqQAO2VOSIniTMdpo9erKwi5JE8Xhug+z/MPz9Kr669hbG/T7kYtbmGkDvg/MMg/am1YbU0uR/SUU5J4Jf7H6n9xvyNKsT/AGj1X/eb3/mv/jSrj9LV8onuiE2dAnhJdurbAUorYgSBwySSTHciMxtM5yta6u9w2g/hlywSZHJydoAwDAwPtxXW9QGlZvMpe0RKJa3JbRhAYy5JctnLZxQ7fEFqwqFNls7HH7FVLbhjIJJCkgEHHLQPVFO37U2JOqpKjN0nwpeZfMu3eAylzCRgkLwGYAzE/nmJXuiWl0r3SxFxHgKyhZWSJ3AkFpGPYe1CXfiB32rbRnbcY3kt6bQqj+0PoQBQep1V2+zC7cFsKGOw7gqkEnYq5IMkwD6nNVjGbdyqiTcUD6i85gMSw7MSx7AASxiBgfnVqJbR0hluCAxHmAP9XENP+pptSQFtoD5A0mQZPyySJKwDIEQfXmhbUqdykggyIn+NB0FFqurAqtttxaViTjsgX9ZknEZ5qzRal1dXWGYYAdQw7iNrCCM8GoaBlS4rMJAMlfUDn/2rb6kNyXHRV2KZJAA2lsKoJ2scJPBgk0JTp0MlaszbN1AtwXFZnMbSrAKpmciMgj3xUQQLYcPLFoKAGRjkngjtjNV2EbZJEoWgc8+USIIk+YDOK1NHZUE/srjMDCriJIMbzGBM4jsc4rObQu1ME1emuKqEgQ4lcgzxyAcHPBiqA7LyCMTkEffPaiNZqLQdSFcIQJXcjXPmKtJ2wuBgQfwnINB3de52ksxZQAJzABbEn7e2TTRk32FlBBVjVma0dB1l7Tbkdlb1ViD+hrGXqzNdF24Ax3AkbQFMdiqgDNXfy6210P4QCSCbYY7fdQYBAov5QnpxeTttB/8AEXUri5sug8i4ueACAVjsO4NGdS+MNNd0zqdPtZtx8rDbuM57GJPyxFef2SjXZ2P4ZyEDKMHtvY8D1M+/rRek0W5yzW3fT7ipAuWwQSCQN8kAgAmTzt7TQxxkyhJd/wBzM1d8E81ZoXE4qxtLbS6y3rN0wGO1SFbBImcggEGY9PY03TL1oXCptPc3eVBIVtxICtMx9jjNaeVSLaaceTXUDbkVidTO5vap/wAuuKrIUBmVO8yVIImAPlIiPuammhvG2AzFbW7d5zsSYiQMsxjuKnpaEou2V1NZSVItOra3aOnZ5Ksrr4e1lkerzgLJiO9GdHsFmNwKLYMqSJFpQRtIEksxInuMkx2ga1Yt2/lU3D+8w22x9jz9T+VWXde0ruMkglC2LYAkeWYDcEekjvxVlCMb+Sak7t9jsNV1W2unFhFcqWDuwADHAAOYAmAAB+H7Vx3UeoKxM8EkgdwSfXj+FTL7wVuXtssRuY/s/lY5IkkkjEVnDdcYxaDFxCjaZAiAVVIG7EznjIM0kYpSspLVajSNLT3lCrsu7iZ3I4jbnABmTIzitd72EUobQKqwBEq0j55ic5iPtWX8O9E8e4qq2VAe4GDQoDAZgZPHt79j06C1YdVtG4Ru8wcq+CIgeWFLHMZgA++3s0263LsHTcpOmvsZGp6YTLLwe4gr9fb8zWX1y0VtqMZYZBzwexzXS9Vti0wkHdAJNkwobugMkFoI4MjuBiea+ILl0wHWF5Ux5p77hAj/AFmjOe4pLEWZFKo49f1pUhz2Gau3ecWzfvKqFXKE5wOxW2CZJwN35xU9F0Y3Fm1Yu3NyAb2hERycxEqyxxLA+3rv9VvWlRb2m0tsWyqpue4jutw8EDlY4ynBPrWTpvjC9bt7X3O+6ZbbEfSOx/w7VzznKP0REjGLfvYd0XoLX13teW0pczbt+UqbcpMnjgnvzOKLtWrOnu+TTl3VFdww3HIYnLfiIBONsbGOeBy+r6sHZjaVlli+wFoBMZEH7/xzTp1l0tsrhLwYAK9yZUcsFmDEj6fnUZQnN5brwUUoRWFk3fAs3VixdUFt+0sDIRwS6XIJYwzFdwBABE1j6Gw3jIAWNwM+LabmVk+TykANJAPsAZHY03bUWkZmUAjG324BkhgwnmPvW10XrGmtoi3rVy627cxdm8vIG0K0sCDJBMYGKz05QXDyGNTeMGc9+L4WzauhTct7rdyGZ2RpCkqBBkkQI5qnqWtY+Kbl0tdNwhhHJHLMT3kDt/1v1/U7zIyWztthiwhQr8ASducxJE8kmueLkmZyTn3PemUHfuQsmo4RoqUFljL+LuXbiFK5MzzuBAijLPxLdt/0dxs7ZkAjyggNPMx3gRJ55oPUa681tULSgUqoYL5QTJicg455oO6GMCAAPSJ4HJHPrTKF8it+Dor3U7N22blxJut4ghSRLEkq5gQdpIheSNxxWXr3RmtqkIoCqWcAGTlmYiZAJMGJ2gVeusGxLbWlKJt8yKQxyJ3E94nMc1dqdZpCqL4LgryzElm4yYaAeTgRn2oRjTC3Zm3Lkrt2gCcgd4GD+VRGmJg21bk8mF/Nqu6X4ZvDfDKxIVdzKSSYUSUI9s4zWiuhS3ZY3RLAjayMhQTjzhFJyeCSOcTFXeo6yrJ7fAL1Lxtlk3CvylUCwDtBwYHOSfNweJMVGzo3No3ZUoH2wWEkxJhZ3HBzArU/3YqbqtBRX/pSdtz8KABRIZQZILEYiaE3adhduCVMLsVGnaSCCWZo8pOYHqaju8YHpjavUBrieCik7F/HuzB3EFgCo7weM5qOmuurE3BbABHMSf8AlO0g+54/OoaZrHgXA5/akgpta3sjuDLT6ce+OKfxUGmKM4LMyuqq1rbiV8x3bgY3Y91PejvawHkj/OOoCsU8igiWtoFImdvmgRMe05qnUas7wWZnwpbc0knE5WYq29qUaxhm8QsAwDr4W1eCRM7uSO2T60F1B02ptBlSwZ5w/G2BAiB6+tFSbFo19AEuqVchdlp2Dln8xGQsPjcOIAE+/NU3Az2uQVtgsAwM8+ZVgGFM7uwmSYiaEvXmdLai0F2SdwBJec+YyRxA7d60NBqbhdWuMWCAhEBJ5mFAHAzxyfvTKMu6wPppSaiCafRF7QuG6g8wUKxIbsARjbtAMYOI7Yq0a7ypsJtMqwSCd7HzAkHG0QYj+NVnp91LYYo6AsY3qVGOSC0Z4GKv6Vopbe0QmfWT24qsNO3k0YtypG501/AsguFmd8ZO0HADGRuZuIkd5O1TWfqda7MbqfslUyoR2G0mFwSdzvHYEmPahdbrwSDcLMBO3HlnAzHfAGe1Ct1ZbisjJ8wIA3QqnG04yQOY9hTz1IxjSOt7YvL/AL/c6npXULItEm+xCsCl0o3lfJMAZ3HB3RIn8XfB6v1TxwCV27SRMyWJgliftwMDsBNYj70iZ/McHP6zRrXE8MZgliYGYGOY/jXOrlIhLVUlVUR3H1NKqvFH760qv6bJWjR6N1C2lxXvW1cAgxLA/SZj64qnrzi9cZrVsgFmgAGAPT7ep7VS2tsp/RpuI7nP1/0KCv652wTA9BgflWlGKVX+xKT3O6DdBcNg7yyg/wBUBmH9oiFoZ9cAZS2o4zHm9+/NDpqSBAg4IznnvnvUrdhyRCnIkY59x7UtpfSBusst1lzd5i0+iyTH59/arOnagjdM7QvmiJUcSJ9zxR1rpr+ApKf8Vskf1UxP2oHWaVVOeR/rFM1L6iS1Y3RG49y2xkllcZz5XHNXaXRl2UWdzFztEc5xsIHfP3oZL4AhhuVpkdxHcen/AL0/mssHRpGCpGQe4kes9jU5Lci8X5Cblk2rmy7+Eww3A/aRR/WdTbvuGW5cgLALoGJzOSm1Ryex5+lQ02ssXF/aWwCOWVAzjvuI3ANnuQfcQIrLa6zHuTnjsPtgfwqW1rLZRcUH6zVg2raeWFLGRbCsQeJMSSI7k9uIyBqNVmF+UdzMmrdJDSLlzaACeCZI4UAdz7xAn6GS6JvIdgi7uVCRhvwGPcE89jFBySwCmwUXogxn19D6z60T4lwrJd2BEiXJHPcTg44+/pUNVoSjtaYbWXcDPYrPlx3kR96fpcAgGR5sgxHaCBzMg5x2yKaLvgV4Lr+jAt7/ABFkEjYS2/biGGI2mfXtQljTbzyFGctuj34n9BXoF3pOnurZZEVV2Ju8csikjJ2MuBIPlU8T7wcTUaTTtYe9ZtbWtuwNt7vmYRhgCZMSDAGYI9K0nXYytnNbFBIx7Hmau1VoW4U7S0K0qZEESB9c596JvadBbcSNx27SoUiASTyJB44juDigmtfTA/P/AK1otjJX2G/lfADRiPbM+n1NaNh7zAlASABuKpIn8JJAgSFIB+1Zxt+Ujy8zMeb02z6d/vWz8I9QtWLge7DAKzbCCUZhICOBwIk7u2PWqRkwZ8IoBuXWCIu5oJztGOZJbAxnmsttbc3Bg5wcZIj7V0/XNFZFoXZIuXAGVAyMu0yS25TKtx5SvIma5twm0AYbO4yM+kR7c0srfyNcvsWJrGaZb6kDn8hn71rN5bdtMbrhA85AEn19s1jNsBhSQuOY3dp4rU611PT3iYR1hIUTjduXOZO3aCInmqqTUPkrCbim+5TddrsL4m1BIYAwoMk8fePtzUNb0R0ZVKFSyhhPcNw/0+noaB07KrSffgeae0E8Zj9a6bQfFQ/YC5aZ1tkBiGJLQQVOx5VGA4jFIo+SUnKTtv8Ac524hWRHsSw7f494q/pXTHvMEtgkE5P8eccZ9Bya1G0tzWX7lwAhf2jsSVEDLScQvv29Kj1zrCIjafTYt7ml4Ia4MQIOVXA9z39g5KD2rn/YZJcvg1P9j9N/3yx/5p/y0q4ff/qKejul/EwXDwU2u9J6VKtHgkKul0n/AAf/AJQpUqbT5IdR9Bu635G/5F/9Rrjeq809Kr6nBw9P9ZmLz96Msf0Vz6ilSrnR6pHp39Kv9r+Bo/S/i/5D/EUqVJLgpEperDwv1P8AGnpVOXYpAF1v9IfrVK8n6N/ClSqkOESlyeg9R/8AyzTf/uH/APTXD6rk/Vv40qVZd/uO+UD0qVKnAOae13+lPSpu6EY6c/2h/dVZpUqaPBnyPT0qVAxA0d0ri5/Y/i1KlRXKA+50l3/8Fqf/AJlv/wBKVy3U6VKuJ/8A0LS+hAVKlSqpI//Z'),
(300001, 9001, 'throwback to last summer', 'https://encrypted-tbn0.gstatic.com/images?q=tbn:ANd9GcSCmtISENU6DeiaTbKnZZLSmTpfQ9De50gMGpir16qzekK0vAK4tqT3vzy0TEjpM4m-qEPB0XJDWLA&usqp=CAU&ec=48665699'),
(300002, 9001, 'exploring the great outdoors', 'data:image/jpeg;base64,/9j/4AAQSkZJRgABAQAAAQABAAD/2wCEAAoHCBUVFBcVFBUXFxcaGB0aGhgaGx0bGxodGx0aHR0iHR0gISwkIB0pHhoaJTYlKS4wMzMzGyI5PjkyPSwyMzABCwsLEA4QHRISHjInJCkyMjIyMjQ0MjIyMjIyMjIyMjIyMjIyMjIyMjIyMjIyMjIyMjIyMjIyMjIyMjIyMjIyMv/AABEIAPsAyQMBIgACEQEDEQH/xAAcAAACAwEBAQEAAAAAAAAAAAADBAIFBgEABwj/xABBEAACAQMCAwYDBQUHBAIDAAABAhEAAyESMQRBUQUiYXGBkRMyoUJSscHRBhTh8PEVI1NicpLSM4KTooPTFmPC/8QAGgEAAwEBAQEAAAAAAAAAAAAAAQIDBAAFBv/EACkRAAICAgIBAwQCAwEAAAAAAAABAhEDIRIxQRNRYQQUIqFxgTJCsRX/2gAMAwEAAhEDEQA/ALk2658OrA2Kj8GvYWRHz7wsR+HXfhU58KvfCo+oBYhUJUhbpoW66LdB5CscYvoroSmRbrot0ryFVjF/h1IW6YCV3TSOZRRABK7oo4SpBKVzDwAC3U1SixUgtBzDwBqlSCUUJUglK5DKAMLUglEVKIEpbCoMEEqapRQlSC0LHUSCpU1SiKlSC0rkGiAWpqtSC0QLS2dRFVrsURUqWmhYxhV4i5zc0zYvnmfwqoV550RbhFQblWjeoxb2rL8XNu4G+lGeyPs8+VUS8aRXm459waEJ5Iu7BkwY5qqouzZjfFQ1J95fcVR8XxL3NyfelRwzDn9a1LM6/Iy/Zq9M1Yt4nl1rotVltNzYfjRrNu94+9J9xHyxvsn4NH8OvaKQt/HWDlh0kU7Z4okw1sp5/lRhnjPpiT+llAnprwSmAk17RVORLgACVIJR9Fd00OQeIIJUglECVMJQ5BoGEqQSihakFruR1AwlTC1ILUwtLZ1EAtTC1IJUwtCzqIhakFqQWiKtBsJELUtNTAr0UOQ1H5xS+ywQzDyYjnTljtq6hjWSP8wB9ic1XNxE4iuB4AJEiZzE1bigeoy8T9pLoOVtnrgjHnP5VY8D2+l1gpHwyTgkyPUwIrJPcltW8+lH4W8VbUq+U7ChJUtIeGTe2by68YLrPISJ2nr0rnebBrF3nKM0qsuMTmPD2jPlVl2V2w1slbuplKgrA7w94kHz5VKSckaI5EnTNZZ4Ft9UU1b4cjZpPhWctftMhDSjyB3Rg6vPp9atOyO0EukTqtsfl1QQfIjnjnUvSX+xb1n4LO7xRtkBj6VJO2EBGqgvwgPz3lXP2iok9N68/Y7rlGVx5ao9qpDFjj4IzzSlqyxt9u2c5YfnRE7asmMkedZ9+DYmYt+WRQX4bSRqCL07+/lJq6jEztNmts9pWmMBwD44o68VbLaQ4npWXXssMMNc1chAImjdmcFeDzDCPvbH1ilkoryDiasJXQlcsKxHewfAz+VA4viHCzaCuQcic1JTO4DQSpBax3E9sXyzI3dMQREAUoeJu6dBuCAZy34T+VM5RXbHWJvpG/CV0LWBTtK5Em4SRt8xPvUj21xJwC8VKWRJ9qh1gkzfBamFrC2e0eJGQT5nP40VO0OLODcPpANZ5fVwV3JD/ayNwBXQKyVg32ABuXOuDn3q14Sxd++/qf41j/8AWxOXGKbfwhpfTOP+TQ9xvHpbHez4Deq//wDIR9z60/8AuKn5pY+NS/cLf3R7VR5876j+xVGHyfmzSwOQfPlRUcZB8optOJtNGyE+P5CuPZQncb7gj9K9NfULyqMrxNdCSeJ22o9kyQMgUc8Gv3vf9a43CEHukN5b+1N60X5OUGvAxxdyV3BP1kYGekY/rRLXGEKHIUkKE8Qvl1mkSsATMcvX0qSuvP6UdNDcmnZxj3iScEk4xvOKPxF3muxAkT5jbpFLkA866D0NMBSo8jxGxB/pVr2f21d4ck2mgMADIkSNjEbgVUOK5bc5kco/pTaYqk0WvH9sX7v/AFLrkewk+AgUozk5J6Alsn+lAW4CCD79DUbbx0mn0dyZqeC/aniEtpbRkUKsa9MsYwASSR0G1Wl39uLvw0VFXWFAa43eLEbkLsPrWJt3BkHbl4Gih42wd5/GpuEfKGU2b7sT9p2vH4XEaV1GVuju5/zcgOU+O3MaPhr9u1Ia6kHocyfE4r48vEnVk1P4tTlgTenQyyaPrF/tjgrZzcQnqvfPrANdu9vcNGoFCSARqIG/gcivk4v79NhUlu0Ptl7jrKfTD2qz/ILZ8oNCf4znCx5Bf0r5uLlWfZPaT2bi3E5ESOTDmCKzfUYMnH8Wv7RbHlS8fs3lnhr/ADRj/tFWHCcLcB7yD1Ij6ULsj9o7V8AfJc+43/8AJ2P4+FWVzjra/M6LzywH414WSHGVOO/4LPLJo8bbD5FQe5/CuB7y8gfLAHvSvEftBYT7Yb/R3vqMVBP2ksH7ZH/af0oPDJq0mvlKmJzflJlrbuvzUUX4rfd+ope1xSsAykEESDRPjV0Mrgq5yFavwfnMWEBghpGIqa8MhOGYe36fhUF477FxczEyVI+nrXdep9K7cskx5eMV7lvyQtBjaYTFwZ6z/GugXF273ln+teDgH5iYBkc/rHPzo6EN9oT1mCNuWOtCx4pMAOJgEFdJOZIOMfz1rnx7fPfn0586YDGdO423wMVBrCMMqB5CBXcqOcLBvxVvMDliJMYGeU5z6869w/GWx8y6ts435+kfyKG/Z3R48Tt4SRtQ34RkbvWw3kZB9jkVVZfFiPH5LG1xFth8hxvExnaROM4xvTKm0YBtnMkMCTI8Vkkcs/1qn4fimQ9wCY+749I3n8at27Ut3HMppkQQwDMT4sT8u2PDfaKrJ7iUACWv8wPSJHTecc56eNd4nhrUdy4CRvuPxjr/AFqNwqvPvEDULeqDzyemBI68udMcM6yC15deQdRbYx1Xz59KdZFfYjiIaWXbluN/eurcPNfarrhnSZ+IrGJJtmPMyY1Nt5UG3Ze4SVVG6E3LbkDcgjXEzOYp1ks5xorxcU7b9KktzlVt/Zh2uIuYyuRiOSz03+leXsIHKnTuYyPowHKqJMm5xXkqddeVp2NaBOzLaCGQk9R3vwqS8BbIn4bTz7lNxZ3qRM8Z5e1EV81oF7NtndSPNSK6vZ1voPb+NK4seOSJTLxP8iipxjDnPgau14G1z0k+Kg1McLaH2bf+xP8AjUJR+C6mn5KdOOB3n8aOnEg7H0q4tWLZ2t2z/wDGn6UZUC7W09LYP5VNt+w1L3FeA7Ru2/l1R92DH8Ktv7ef/Cf3P/GlzxhG6gf/ABkflUf7QHRf9tTeOL8Bv5PkqXCh1ABiMgxI58jVrw3EJ3DatISMvrAdtgICn7O/j1NUyowODMYjMzVrZ7PJRXGk6xsO8VggkERExHvU1fgjZYcfdtXL9pWsmWXvgTb7xBMACADnPXG29NDgYYjh0gKNUMw3+0BILHbrFQ7J7OuNc0XGKsVDHXhgBsVAaSIBBMYonHobV0RcdUKd4sxcqSSPvAEEzuNh40y62ht3piD8QocM1tLhJIGlypXJwcZIHMAcqZa9auxbti8WIJDBmLJp0kkqSFKZjUc770DieyDaUXVu6nGlk7kA6iOpIwGJwIwaUsdp3PiB3CMYglkyN84BM5milGtgcmPjsa5LJ8Rgxj5lOcNIIyZ+WDOQTExVenB8Q+pdLaVGo6SowOgMEnqMmr7he3XBLfCe54IjRGPmbfVy8hzp23ee+Qy2btpxBW4RyByDLDx3GdqPGNBuzDxyPXaN/KuuhJwDOAJmtN2xwDIgu2mDMx78Ki4IJnHzCRuDBmqdb1y0SLqfE1DUve28RpPgR5jwpUt6OdIryCpGvHSOf8/nRLT2yBqLavugZ9DTr37bW302skDU+otBxyYEADqM8povZ/Bgwoa6DOcFrZjxXON9jzp6VgQDhuEBYBGEnbVKlfExkDpj8a5ozBttqnfL58SpJ+lXqfs9bYqU4hFaJEE6vM5mRgflR0/Z9hBDO6gzBxBwJypkYGfDwqix30I5V2UNribhXDZwcl+U4+bbG+3tiacSzdz4jgn5jBGmNxpXUSfTltWrXstbZ1uLZnLNcb4jTEDTKyR5EbV1L7IxIFqCe6q92RzPyEztjzzVowkiM5w+DOWuJgMXZWO/29hvsBjz6cq6ePH+RvBbh98kYz9DWvTiLbiYWaG6W25TPKm4y9xOcPYyJ7S0fOBmchp28if5NS/tFSBKiSYBDyJ5d3GPWK0D9nWiD/cx/wB0T7VEdkWCBNtgZn5m/Wg1JeQqUX4KR+0UU/I4HM6hIPkATj3o9u+CfthdwwAYR5Bpq8PZfDsukofViY8t66n7M2Nwbkf5bjAfSkc5LsvGEWVxS3kfvCyIiVKzPQzTQ4ZBg3zMZhZA8zIj6VbcN2RZT5bVtj95pLe7SabHC2oPcUE7xM+8g1KWV+xSONe5QWrQPy8RJ/7QOe3fNNf2ff8A8Vvdf+VW9vhbB3toG6x3v90z9aN+6Wuv/vc/50vqfA3p/J8sRLVsrqAYkAZUgmNsd33ifOmuJawy6UDI5OlCAQk90ZgTyYZnfelexFts7W72mQAFMoRpXUT3iQBAj7QzSXE2gbmm0crGptUrnbvE8tyRS5H4RKMKHuCv6Q3xQfioy6Cfmx8ok/Z/XrREZrrf3rHTuSZwCNIYQJiYHSk7aM5VUAZlBJIwCZO0xO4FXfZFu4Ui4l2CdkuaQQIkMOp6UYQSSvydKTbpD/8AZ1pwToW4Yxo8wcjptuY/Cj2OAt2l+KbQtxMSQpZQMmQJUSY5YonAcQNTOgOgkZktEBVnBPJR0FJftH2jbUWtSm4TrJTE6SRkxIjUoEdRXSY0V7jX7QcWbdtbiWxCmDGqADkk8zgASevnS1z9p0W2GVS91gCFUgqs4IO5EDOwpZL12+Qt5bqJpEm3qAYcgVHy4id8etXPB8JZRZt25P8APPnQSlJUhnV2ZLhrJ4jNzuL9mIUAwTOnV1HIR3jtWo4OzagRa1OBmScEAcycT9aZZBuEUZ2AH40ZF1DMr4R+NXx4nYspJIDaVDi3bTzAEe9N/urRkqF3gDEVDSy/L8NR1IwPPPWq3tDt1QrJbOq5gMxUaT1EZkRIrVHGl2ZMmaixtW7Skm01sP4af4ZoHF3eI5Id91YGfQfpWTPE6nGpRJwIwPanlZVwZB+8NvrvVNLSMfqyntjt61cBkryySDg+cUG5Zc7QOukgE/XPtXLPGEHDH3OfQ1797LGJ574J+tLYVFMi8gDSXHWZP9a8tu63yh/Vf12pkXQeRY9Rgj8KIt+BuwPXIoNlFFeBS0LoydU9NLfSRFPreMbwd4OZHkcxQnvXCMNI8z/IpdnYHLA+RBPsedKykdDj3kI2x4E/hMU1wvFwBksOhYA+UxFVtviVPzEb4JEH9fWaYFnowIOYMH9D7CoSNMX5RYFVY/OVPn+dTtWmXPxCRPX+RVerMBEgeRj8TFRN+6DnP0Mf6hIqbRRSL1bu0rnxii/EXovv/GqXheNMRIHgYI9/4Ux+8r91fY0vEfmfOuFtoWAEAnoNQ8MyfwHrVj+5BGUszMxBhIDEzz0kEbdSKWtlSQptlVBzpW7JnxIE+9WnDqFlFYpbnpqRIgksqGAYHzO/TFLOzo9HOzdHxAQHuLkiHIMnmESYg9TFX3Ddq6gd9QgBSQe90MTGOUk77b1l+NUWrivbbUjAkFhpEgZgRp094HB8Ksbl8m0dQBTSSFkHVAJPdUnV5zj7oFcpUBxsN27xa20ZmuBGLkSgLRmRJGQACwjxxWZbtBbg1O03Ay6bZGG0wJBInqSCc4x0fd7SgsoOdI0ZZeuVjBjVkHl5yieAVm1W7bG0SAWJ1GZyR0A2jJ59IErTpHJWjZ8L2j8UKwBQP4ADacmd4FNXHVd9/MzWW4Z2tRJAfPxMhSe9Azsx04nHrFKcRx7YtqConWgDAljiNUMCRk4HXPWn58VsKjb0bezwTtktHSCcfWPpR1s/DJySI2OaruyuPOj4l20qBVgOBJM76QJY8sRmaa+IzlwdhBHLf13rbCktGXI35EO0OEuOMSVInHXmIBrNcT2fcQmbb4zM59q+gcMxiIMVXdq8YVXUqs2SpAxI8Sdj6VUx5IJ/k2YRkYEEhh/qBovxCe96Gm+L4rW2EKjzL56kgD8KUUxvjyxQozOVDFq4DAxPT+mKOHGx39z9BQGszmf1HpRrZ7sTI8D/AApaYyyompB+yfP+IqS3P5iPpUAgHeUHzGTXcEZg/Q+tBopHIhm3cncjHQ0TuXNwT5EilI55O0bmPVf0ogQHMA+WffxpGaIuxlOEXYMwHiZ+hoYDWzvqXfH6CvWiQe7ONgRP4HH0qausw4jxIO/+qc1NlkwtrjA27Z8RI9t6atlTkNpPgSV9j+QpQpbOTv4nB9YM/wAKHc4bSO7EHmTj36UjSKqTLR+F1LkA/wA8v0pf9wP3W/n1pK1xVy3sCo9NJ8xBpr+17n/6/Y/8aWpB5RMs3Y6KC4CmELDuL9kasd0nl1qVr9oDaRUKtcMSQ2AqyYADCAR/pBxvWntdlWwPiEN8QA4BOkEkr3lU6Djq/wCtZ7t7s3U/xIBGFZgwMQBAYKCqrHnzzUW2o29lHV6DcRctXraNrCNpJ75MgYBmMsduZ8xROHuEt/dgMpwJMEwSZI3JAiJJGNqo7jgsFMkCFAA70R3Yk+NW/ZXFm1aK3NWVOkJ3ipOFKxPeHTxzQvWgrb2G+GFZxcTvQAY/vC8kxJ06g0eEDHlT/BcJca3ARbaRDa51NvJ0xnluNqN2YO6GI1XIgErDheQbvEfh5Uzw4vN3biqoyZDTnGIOetUjBdvZ1+EVXC9jmCLqqAHLApgsTzkGR+MYrn9nWiwW3bOIJJJGxwWPM1ZcSrARk+sUTsaDbIC51GT19Zkx6VWEIoScmN2CtsEadI5Dw8hiq/gb4Ny4JMtBAIjbf1zTXFq4WFQt1G/uJpCwjrcV2Qws423BE43PpWpdGOctl7wl3ecYmTt6+9VvaHa4UGCrRsNcZHlJOeVG44A2pDEBozByOgzjr1rM8TZlokeEqBPoAPxpo7M+bJx0hfiu1GuMGZAw5B2ds89mFLtfJA/u1ETkFs+EEkYol3hWTBKmdsb/AJzQri6cd3GImc8/WhbM18hiwxiVOr/KMkelMI53g+YABn3qttXXWTLRtvA/D6UxavgtB355jNdyYyxoO55iPHP5zQ2edp9M/pUrr+3hCn1MSaF8TxHqAR7xj60LG4jLAHcEHynp9fSpMpAyJHJv0Ij2pZbgJ74Kn73L+npR7D6TtI5FcnHhG1I2VimNWbqtiZ/ytn6kyPWmkUHBG3UFvrBMVW6A4lSxPMRHtG3l9KOlxgO8pHOTt77jz8alJexohJ+RrSw2BPTSwBPjAUV63xDcmJ/ysMj0UV61xJ64xjVqx1HMVO6urGkkc4bVHQjdgPal/kqvg6HM7A9QrNqHoa5oHS5/PrQWs3AO60+DEn2EkfSu9/8Aw/8A0H/11wbAHikuCVuG5zZTqleUlT6CdvGlbl24pU21jOdiY8Bz8jTPZHYDqRdvN8MZUIIZm1ArkjCjnzOKvuz+z2tWwlu4HZiS925uJjCqM7dSOVdyimU4tlGeCutbuXVsfDZVkAqCH0rsqAd0mAIUHbaaGjG81u1bb4T2yDcm2uGHID7uZnwHjWq4vtFjc+Hbtl1C6jckKgJkAE5PiTiAcTtVHx96zcYXBOpSwLKSJP3SZhgDyGRmKSVeNDrQ12NcUq1vUWa33STABgbrnY75pq+H6QPOqq32mFGhVYA/aESvIaVzPLf2ot3irvyoodRbBFxj8zTBkY5cup5UISpUPJO7B8Zw7sMGj9iXCgNsqT9qRmOur2xXOKODy8qD2RxRS5ojUHgb5H61aD2SmtFh2j8UAG1bNxiwDS4GkZkwSMfzmg8SERAbjlWIGrTJ70Z0krkUbtEsdiwWYnVAB8seHOs5euXAx1sPMiDGdiQaur7MOWaSqiytdqDQ9u4GdSBpyAV07TqI5gfWkmNpRK3DnMESR4HyPWaBcSRi4/KYz9OVVdxHVwE1EkgQdyScfWKZvyjE/wAmkx65c7zQnLmNTD13nJ2pS8ADC/TM+VN9pcI9tgCxYx3iZ35gzmq8gjGPKg5BCLufHlseu8UJ05gejT+makh3gD1/WpRIpRk6CWL0wrCfMSfanXtjy6yBH4VUsDtiPc0zYvCAG9CD3vWf58aA/wDAZ7MDckeC936HFds3uTGByIH5/wAKmjgTBBIzIEGPGTB9aj3GME6WOQVIg+3P86VjpjKXFbBJJncxOfGJIqTW2TIZlI6ANv5LO3XpSz22A21CPIg+PP3otm+20acDGqfy28o9KR/BZSXkMtyfntyN9VuZHiVkEHxIolniCB3LkxyuHMHoTJHvzqKcMG0kCfXfynz8eVeHC5254mRk9eh8T0oDqRYpxU/MGInIUlwPcTFT1p/hn/xtSVvhbhxBboQysD/3EauvOMVz4N3o/wDuSl4lFkQYXrIua4a9ddcASUWO5JJIwSDgROd6NxfF3VuoDaC2ipk7aYmAFwYJ5xtQexr4QoLVpmLao1ESoE4UKNK5OrVnBORvQhctW1Km58Vg2dJMrvMXJBYzmB45qPnZraT6H7vFr8NgWMnVpTmSYA0rO0eYg1n9AQBSCpc43MsZYxE53NF7S434QLWkMMq6bqgM7GCDrLfLBCziczjMZ7szta5peCWaQIeXIJmSM557yN8UWgJ10ars7hWZhIeFzqETIg58KY47i2QLcuArqVTDnYMRjA3EHETRrfE6SDcgL8JN57zEEkBBAGY96Vu9o3GtmEGICq6/9RdjpBJIYSctOBSqVdjNNvQW4xuLMaVMHVqUATtmar34oWbgOl2YZgCJkYy24/0yfWgkXIJPxQwOFDSpHULpInwn1onDOHXQwLiSGNwKsSSO6C2I3lcyvWmhkb6OnjUVstF/aO0IW7rGqDqKgohyPOMbxR+J4VD/AHhVSpyCjY6YzBxE1ku0ezmT+9sNKDBAUqVBmGK4BG+cGIBjnpP2aum5wqoH1FWb5lKQJiAAY0zIwd+laMeRyZjzYlRK6qrAtlFzgHIOOk7+pFIvddLivhtBDRtOf0xT/Go7/wB5bEBVzqBnG8RP4D8ynxPCkAsqgvPyhpXOd+vOtSZ5s4Su0Wb37HElQyknYj5Lg2iPvDlVd2j+zapDLcBB5EHA6zJMeMUlxFo2Lguu4VhOkFAFLRBAYzJE7CJ8K01qCtu4wnUohsCHIEyTMbR+dJL4LrGmrku/JlW4IIsOqmDDOZ0Y6Pq3zERyPjQf3NSCQ6pp2BMah0UkZ96tuMss9y6i6risdRkgSwAgq07CIkztVG5uW2w6yOhmN+cUpGSSdAyRscddjXvgSD3cDmIiiB3cDUC4AORiAPGPOvKpzpmOmNvOKJO2gKysSY5jp78jR7XGg918HyBB98fX3qLM2zBo6ZPsCIoJVTzI8zg+U0GikWW1q0QJQgAjaTBxy6Eem3OKlrGA4J6MAAPWBVXw18qRuBtIIIHt+FWVriZGSIwJXPuCNvKpvRWLRNUgkDmNtXtmPPBozcUyfaLRyYnH/duPafSgFBn5cD7UskeXLlgR510tC8hGJtjVG+JEOB/HwpbKJD1nj9plG6mCJ8Z265FMfGP3rf8A4h+lVA0numQesAiPHY+wO4zXv3A9F/2XP+VdbOpewbgLt65bATRaGuW+HgwAhUMxMCTMqTnGKs7PZ9u2oa82hScYJZzuSMFjPUgRBMmgdlcbaCrb4cjVo1TEAHmNR3adZgcvc9eyWANxGu5kFxgRHUdcgmazxjyets9CeRQVvS+AHb1p7lsBFVNLF4UfNgjJOSQCd+vSYzVu+bZOhURyZc6e8cyAZnHlW4tXS0h00jkZB/DNUX7Q27QUOT39Q06Zk5MwYiRjwMHnmq8a0+xIy5LkujvA9sK7AFdLxJIBAIG51EGFI8o6xkWXDcKLhbU6FZ+Q/MPUxqAg8pge+DRnRizMwzKOs8uSwJBA5E8sTzuuE7S1obZb4bEQHAgZPIfZOfl25CMCpygu2rKxnLpOhvj1FtyqX2WORlgPIiT6EUueDuP3w6NONQO8dYEnfY0bs/sgoO9hdyXUBGncxvM9RP8AmirfguGVDc+BbIMR8Rj3Z8CTAj3qLhv8TX6iUfy7EOB7L4kuC1woAQM96fDScEHbMCq6/wAWbdxtAOjWGVTIOkJnTgkw2cGQMEQK1l5yirquIrdYJkxuNiRPOKSVLdtG76PdJ1BgCwJgCMyoWBA/jVscJLa0Zsk4y0wfY3a6cQSur4TDT8TbSxZiAJKgayQBHPlOQHuCtfCYrcOtiWPxIMbyBIECOhPLAqqTjWQ6gls5nKAGQZxEGr5r4ujXbcFJAYzBExhh1zWuDfTMWRUrigPG3pILKDphgcEjcd0wSTzkePSp9icWlxWtNgyTAJ+VjIKmZ38onavHhImFBG2CceI8Y5RmlG4IL3rfcIJgzkzHMY9KsqaoyTlKLvtDPGcCg0ltRWe8sdP1xVW72VDrpXchZVGHWZKyOky1Pvx2tSt0KrgGG3GSs4Exge/qKqbdqzcfQjHVODpCifAZMUrXHslKaelQhdtkKdSAicMGIA8h69KAlljlZ+rVY8baKwGuE40wcgTnHhk7eNIlSACQI8txjnsDFDRBt3RxH2BGQcHM/mK8yg5I8wU98jPuKjcUz1Hln86EjmeZ6gap/n1ilZSJy5bWDsCPEbbeBqKXWtnGAekQfPH50R25iY9Y/h7V0JIHtj/jy9KXspdDfD8YpILicbiCIxz6RyinhbMBrbBok4wRPlI/3Yqhfhyple6ZweXqc0bhuNdDkCNpEmfSQfYj1pJJ+C0ZryWbXVOLieoWSOfj7idt65/d/f8A/df1ro4u3dHXrqnHmYInfoPWvaLP3l/3Utle/YzavkMhKlPSCfy3nzq27K7RYgMrNiNQbvK3XfacnHUE+FZw120FIfBkb+FHsXLaQdokDSYwCY5eVZNxN6SvZs+G4tHBKnOe6TzG4/r1FVHbHC3blm1Gg6BLQVYs8MWAYbkCdsEeVU/FdpAyLZ0sy5eACR0xgeYjAr3Y/FMrKmdCmWEkBdMEtIPQjxMAU8ZptM5+wmhBlWEqdwf5wR13FP8ADJbtlW067Q+zjVkjeIEgmZ5wKc4/hEv6rlrSXA1MEyrgyZgZV8HB3+gpLdwjb2rQ9io2XC3Uu5t6X0jUS8C3bG2V+0RPOB50duKZs29Vzl8Vx3BH3FiIHWP1rGq0S1s6T9pf53Hhyq94XjhcZSdQgf8ASXGwCllBxcWBtuPLNFRQJNjr8ICjXGfU0/Mx+Y9BP8+YpBXVllCCOoyMGDHLeh9rI/EjVZPdHz2miQOUD/D6hZ39ucPZYCWYuzEAfkqryAprpi1olxF2IwW2nTvHOtB+zoT4WrUwAYjvwDkmJIEQZgATOATNR7L7AOHvbfc/U13j76XtIQBrVu6rqwEKXUEKqn7WljqZhju6ck46U9Ujow8stdY+QjbIAgbTy/hFVvHI8f3YUtJgvJP8MTBzVQ/7R6kUqkX2LB1bIWeY0naMR9dibbsjiHuIbl1FBFwrqGARgyOY5dRvtTQyRukQnilVspO07zh9Tb6YMQT5AxETPL9Kq7GoOHWQwM+ArbcV2KrOWEHwb12A3HhS47LRMlYPXCqCCBjp7VeMkzz54JJtiAtLxCMxSLihZCAd4ZnEgE4qoe0VJHeEE5AkDf5liRtvtVxxXDorSp0spyRMtzx0/SmOGuvcDOYFxFANpT88SBM4znwJj1Wca2hYR5Opd/8ATMOCraSVwARyEETggdPavOhMMAI88A+uR6U/2jY1P8RV0mBqQnI+z8uIHd2jFJcQwSRoZZzn6HAj3/OakO4U6IkMsyCZH2tzPnvttzqC25xnIwJIg8htijJdU90kCRIYg7+MHA+mK61oldUe22/I6Z5bTQsCTFkBPdIAJ5kSPUjeotqO2c5ICsAcxgiY8Z9aO5wGmOs/pGRgfxrj2gRqAAM/MuMx4nY9CB+ddaKw3pi3xM94lbg8dE+RG38N6Z+KP8S7/uP/ADoXEcIGWCuPMGDz5zz8aU/snwb6/wD10KLxgq7F+J4UlpChhz/Wq248IORkiOmf59q0nEWWU6ogeH5e30qm7QuS4WBjmBk8qxw2j0MkdguFfvb947nniDnwq5sWWuQQBDRqzA0zkfSarVRGnJkxGfwnwridpOFgNpUgDY9eXtStW7QI0uzZ8Nx1x7/whpFoIe6OcqYM+2B1rLKTHewRzOx8z+f9QDhb7IPiSZBxyoli/ruFoGZ3zv8Az+NOsjVs4FxOo4GCOX6jnTHZ914AkowwsSo5zDAzJnE1AHAnHRv53H4fSunoa0ppq0Iy64Xi2kO5Nu4G0rdiFZt9NwcjHP3HOm+I4wFlYj4RfSrXVbugkw2kgwIGr1xWet5w5xyPMefUfWulSkqRqQ5KzjwKnkehFCaclQU6Zq7PbAvsLWVtFiiWgJV4TAuNOEkTAgHmYOb3jQ4tW1VVBEBtgAs5CiNzhQMb8sVgeBf4cXLZ1ouSpjUuCCTy5/NHnFbPhOOS7ZTQcrpUpnukEQT1CjvT4VGLfTHvVmIscHreAXDrGpHENAEjvTBERnJpocRdRbq/EYRIYrc7pnrDDMQJ2q34/hnbKqC8BQ5wUggzr5YnH65y3D8YQxNyQNmgGVIJInxDA58M0ckHjlX7JYcyyxT9yy4btR1tkW7jBY0FWhiDiWBJw0E84MDc1bDjz+8/EF8tbZIe3c1A24GACMGPDOTSfA9lWri6jcjUIGkrAHInmQd4xB96q+M4S5auAM4e11DBgQIxMYIHXr4UY5H0mVljT20bpLtq6GNstcEwYU7xPTbBzmq7jOFW1c7veYSSYJIkiMZlRBnngedZyz2jpICv8K2RhQWXmGkmYg8ifu+dW9jtMNcRnALgFVuPIcKcMeUmSMZjerL6rjqSMs/ooydxYc960nEJBJOm5JkEZCz6AZ/Sgv2M0Qz4YyuQTG5IGDMZjx51IdoPYKlluXLWrvNq1OsCCQoQKYJnckycdLvjWW5K2yNbQ6MTCmfAjunHOrRcZ/47Mk8Mse3/AEZ1OyWtliQGCnkcjpMc98U6kW5AEbYkZDCevlBip8Dx6P8AEtOptPr+HrYEox3zPLoeUjaaNxNvSPh3GhkHzcmA8ug8uR6UyozZMUm78lS4UzoVRnvDqM5jMcpjG3jQVIypJBHIkgMPUHONvDerHiOEUwAJ1ElTMx4ScYM0C3Z1DQQQySRuNQxt4+XhSOHsHHLg/wAkyHDICyhlJQidWYWPUchtFWf9gL9yx9f0oXCdmnQS1w47sbTPU8iVxGNxQ/7Cv/4/1X/lQ4M1rLEoGuah3mmAPOOUVXdo2mXIUHET5+FWF1wsj7QjByI6gz4fjTdjvLkesTHuY5V5cJ8Ueu43oyyghRA3LfTr6TQrVshoO2YFWvaHAlSCMiSAD1ifXzqsst3pOOu0xVU7VkJRrQR2ncnBiOQESSfETTHCnB5flNCdN2AycZ3NFByNI5T18BE84oN6OQ9Y4HWhAwVPpn6g7b4zyxSxBXuvyOD0/npU7LMoOT1Yg7gnIIp5QLqkE94kaD1xtPXxpseRR0wtX0V+2/oeRpi1eABVwSOUbqeon8OdLEFCVYYn1B/I13bxHI9f4+H8K1CBzbZCHQ+RGx8D0OdqNw5RySp+HcMSJhSRzX7p+nlzVRwDkSPGp3rMjUvLJ6r4+VLKCl2FOi04Hti8hKXUnRgFgdRxiTOB4xy9q3h0d2IDDUSdQJgHnIJ8T0ovD8QjqiXCAwlNWS0biZxpIaABkFTG8FJ+Ge04LiRqOlgdxvMznDD1NZ8kZLTG12WHDaLSn4Z1gnvKSDpPUfydvax4YW7q6QxVjOeQkjn6DnWedBJuWztkxy8Y6U6924oDbEj0GY9v4VHk07THj+ix/d21aBbt93GAQGGQWBiSCc+BC7zVde4IKuoqqnmh3BHNQQZyB3QZycTRrHaLagQQDEaoh9PLfBxMYrRXONslCG1PjEpOckGQMwRv4TTvJYYOL6MrwXEuh0a4BwCUlWPXUDHIZO9WfDXr6kshtqOel30Ej/Lo1A/6Z29aa4/shfh6rMkYOmSQc7qSQQemRVVc4Y22GgMxbB6n8CSByJmCTyowybuIZQVUy/4Xj0uvouKmuAywQfmgg6WyBGnz8MUXi+1+H0oBqZZPLUIByTGcTHrBBFZi8j27i8QRNtDpcAQVDEmW5kSdmGJ6V1DYe7cjV3resNJGliXxExyFa/uZV1Zil9LByvo0Ny2lsveW7bS2QGVICgGBBX7LA9RBmB40Xg7+Slxvi241Iw0s0GN4kqQesSZ22GYuu6WGg67ervoCIgiZjlnTgdQTEGqjXsugkAkhWBPdMkb5EGD0zR9dS6QVga02fSrYK5Wbls4BGG8p2PvNE+Lb/wAI/wDjP6VlexO3VgJcuFT3YcjVIkGHMzIIw885Nar99T/F4f3SqrJrslLBG+j5i3EFyCTOAJNW3CPbAhydJiTMxM/nWdsOZ36U223/AG/lXlzjejdCTTsvuIuJctvkto6CTBjBMbb+1UD2W0zpkn5czJIk+m2fCr7g7CrYaBE6ScnJhqqX3t/6D+Iroa0c3y2xRFbSZO0fn+hqXD3GUMCY/IAE03wNhSzSJz1PWPzofa9oJfcINI0nA8qo1oWtWT4K4o1KwwUMjrPQ8sZ9KYu2Rp125IWNQ8gMg8/H1pFV7oPSB9AatuEw0DA1be/6VGWh470J8PckEMsg5BPI/wA/nQ7zaHKxjGOR6Z5HNHvDTecDAmYovHIDYVo7wYiee5quGT5f0JJUJsOmQdj+R8aJZuEEZg8jQeG2YeH4Cf59a4a29kx27w6uCyiD9pfzHh4V7h7gcC1d2mUc/ZJ6+fP33GYcO5GkznrUO0lhnAxBx4ZpJK1TCmd4m3ctvLJK8wMwOed9PQ15TbYB0aJBkMYiT126b48qbv3mNiw8nVBE+WnltzPvVPx403MY2/AfpWRwrRRqlY7d4aCGt787Zjcb6D49PHxpjs7iyDCzOZG22d9xjn6UnwjmdM4jbzJqxGEttzYKCevyn8z71OSOWnZc8N2oVZZtlVfO8lgcc98/0q34vgrd1SO6JEyBnqJG+4nw5Vi+AuFgJJMEkeEgfpVzwzlbogxKCfHIH5n3oeaLJ32VvaXBvacW/iNpYAd4a1icqJg7dTSD9l6QwkpcgsFTKsBJxIkgj2NWvD32b94VjqCE6QQDECee+w3o3a1sCw7DDW7h0GTKxjFX5U6J0VvCstv4ardOh0aNQB0upUQ0RK6TMYiOdQS2rrpclLluQtxSSsKSBq8Nx/Oe9g3S5uu0FtKrMAYY5EARmaruyb7Ix0sRA8+c867yw+EFa4umHRg6locCBBIJMgZB9Rml/wB4PRv9i/pVp2ssXtQwVQMvgZbIG3Ie1Q/e3+9+FXirRGXZ/9k='),
(300003, 9002, 'new recipe alert!', 'data:image/jpeg;base64,/9j/4AAQSkZJRgABAQAAAQABAAD/2wCEAAkGBxMTEhUSExMWFhUXGBUYFxcWGRgYFRcWGBgXFxUYGBcYHSggGBolHRcVITEhJSktLi4uFx8zODMsNygtLisBCgoKDg0OGxAQGy0lICUtLS0uLS0tLS0tLS0tLS0tLS0tLS0tLS0tLS0tLS0tLS0tLS0tLS0tLS0tLS0tLS0tLf/AABEIAQIAwwMBIgACEQEDEQH/xAAcAAABBQEBAQAAAAAAAAAAAAAFAAEDBAYHAgj/xABBEAABAwIEBAQDBQcCBAcAAAABAAIRAyEEBRIxBkFRYRMicZEygaEHFEKxwSNSYpLR4fBy4jOCstIVFkNTg5Oi/8QAGgEAAgMBAQAAAAAAAAAAAAAAAAMBBAUCBv/EADIRAAEDAgQEBQIHAQEBAAAAAAEAAhEDIQQSMUEiUWFxE4GRsfChwQUjMkLR4fEUYhX/2gAMAwEAAhEDEQA/AO2OKiNEEXG6l3XpChA8yqOptMM1BSZU8VGAlsFFHsBVHFgUgXDYXhLMtOY6I0VtlIDZSIblmcU6rNTXDuOhV8V2xMhdtcHCQpF1IQq9ehqUwcDeUpCk3UiyxnE3DesS1Y3E5Oae67DUpSLoLmeUB2wWXiPw5rjmZbpstChjSLOXJ8RhyDCD4yqWuW0z3AeGTqaR3Cw2cuF9JuqQoua64Vh1YRMrw6sDdV3YzkBCCjHOBglEcto1a5ikxzz/AAgn3PJWDQyi6V44KnZWcTvZWPEEJYjJMRS/4lJze/L3CnweXOPJQKWe40U+MBonwlKUbwuEhe8FlsIvRwqcyk1t0l9QusoaVNVX0i2qD1P90bpYdNiMJJa6NiFap6qtUu1dJwNSabT1AKkfSBkwDO8jcdD1UGWn9mB2VtohWUhDBl2i+HcafVh81M+jd2/I/JMM40HTWYWH94S5h/5uXzCKlkry9loNx3UzzUZeSj++0z+NvuElH90Z0SRI+f6pugfDnFIru0lpE7O5T0Wolcvw+XvovDdcFrpHRa/K+I2OBDnDU3eFn4TFcEVjBvrAS2vGi0BWG4t4jfSJGiWCxI/VaOhmnikhogDrZeMxy9j6bmOEynVSa1P8o/2pdfRcWwfEFSnUfokBxNvVNjM9rOYQ+pUEbRIWsbwaRVaT8AO3MrVjJqBEaB7Klh8M5wOaW7QognVchy/7QsZT/ZAksGxdc+66DwNnGJrvl7iGRt1RmjwnREnw237Ill+RspmWjT6K2MMc4Mm3UpgaAjAXhzSpaYK9q5ClZ7iJrW0XucJseUrnlGhRrNnwfMBcDcrrObMJpPDWguLTAOxK4/RwmNoVPE8NwixkWhZmMBFRpvEXhcOcZjZCc54DqPh9OkQDeOcd10bJMZhsHgqVJjQHBoDoF9X4ieplQVs5rvpOFMNBa3zHv0HdZ/BZTiKo1kxMzPJZr8TUHDTMjqPZRmspuLcfUfhzVjS0mL7rJ5FngdWFFzbmwIWoxnDdTFU/DbW8w/DNrdlDwr9muIoVhWqPaY2AVvA0HCnJ3umMJCP08uPRStwZ6LQU8sfzKsNwB5rQFFP8QLONw3ZStoIxistLogxBv3U4wQXYYVwXSreXmwV4hUKA0q81yeUoL2CoqxUkqN0bFcnRSoNSSfw+6STBTJC5TnnFlNzzpYfnvKu8N57SpT41MBziNJsSZSOXYRxtpLupWW49wPhMbVpkkg9f0WPTH5wqRc+YVUdF0+tnlOl5tNzdZjGfaazWWNHMQTtA+KVjcJnlZzGmpUGyzlRhqOc/vFtlb8eoXETDR7qTOi7Fg+M2YoEU2xpNz2VOpia5q/s3nz2jePQIF9nlEkFrB5hJda2laLBD7rVqV67m6WiGCdyeyr5qrqlyb2nlC5Drq3js3xeCol9QipcRyhQ5T9ozy5rKlGS420/0KxfEnFoxLnNeSGNB0gc3ckMyDMarKjMR4ZLafM/Deyd4lZp4XGOq6BK67jOPGscW/d6pI7IhgOLKJotqVnNpOd+FxuFzPD8YNqYp5cYFTS1rbQDtuVHxblFQVRpOuRMNvCY3E1gb38oQHFdkbm9Et1io0jsQVkOL+MsP4L2MMk2kcuq5EzO3UZY3UHHkeqEV80cLG8rt1WtUGWIlSZK3uE4vpU6oGuWOjVyK0fE2fEU2tpkNaRqkbnouLMo63By1lJlesWsALoAHYBUX0RTYGMNt1EI1kHEDsLXa43aT5u4K7XgcVTqsD2ODgRuFwevw/XquaxlzME8mrpfD2CGGpNp67x5o5ld4TFCkI1Ht27oDoWyY5pmDMJyxDMrMuJiBEIrK1qFQ1GZimAyF48NNoUkpJqlQVGL3QdZeyFG1sKVCmTFidpTOXMKU0JJQkhC+Y8LnFSk/Ww+bYkoo/H+MQKtUajyItCE5LSpHENFV0MBk9CRsPdes68MvcWkb2A5BYzmNLgISyAr2aVMNTFPwna3/AIp+EH0QrFZjE02R8UmLAkoY+nzXigAHjnfmrXhAi+yldw4Cx7KWEbLQ1znR3K55x/jicSW6jGv4eSr4jih009LYDCDA2MIZjcWMViDVPl1EW6KGzI5Llo5rR5Lww6tV1uHkEH1VXijiutSc7DsDDTAiAFe4n4qDKLaGHcZgani3qIWZybhrHY6PBovc3/3HeWn/ADusflKKdPOZcFIvqhuAa+sbeXnPRaPLs+dTa5jahL9nEmTHYrZZD9knhicVivWnRH0L3C/yAWwyzhvAYb/hYZhd++/zv93SnVKQO8JgpuOi47SyuviTqp0ajyebWEj+aIRPGfZnmFYtc2kymNiKjwI7w2V2J2OdsIA7BRuruPMrhjGsIN7Jgondc7yP7JarHtdXxFMNFy1mok/Mwt/R4ZpNPlqR6AKzTkq7RwxKd4bHi7VDqYGqF0+GWCYxFQT00D9FfweT0mR5nO7uj+imc2N1M1Q3C0R+wJeVoU7WDkVIB3VYuAEkgeqhOZ0RvVZ7hWQIQiAavWlVqGKY74XtPoQrAKlCeE1RtrL0CnQhRU3yvbivNShzFimE8whGiaUk0FJRCJXy3WxDS20K1U4TxxpNxApwx37xh0ciQeRRnIeHWVHBha0kS5zhqiBynlK1vGXFVJ9NuFpy1wA1DsNoPNZrXDKXMuuJXMKmXVIJ07bocKTv3YK2DMS0MuJKo1MU4Q6mzU6QB5ZJnaBuSuKVV5BBCEIw+S1n7MdHpA9ytTwx9n2JxBBADWjdx+EfMbnsFuOFOBatQNr5g5wFi3DtMf8A2kf9I+Z5LoQhrQ1oDWiwaBAA6QE9rKhu+B0GvqV21pcsjkX2cYLDw6qPvFQc3jyA9mbe8rVVDaBYDYCwC9SvFRydNoCeGAIfXCrkKxiHKi/FNB8x9B1Veo9tMZnWVhjS6wU2noFBm+JZhqbalR0auQ3n9Faq4hjqNXRZ4Agk9eYWNqUHvDhVLaszvN+Q2VGr+I02QZkEWI7kaeScMLUeOHWd1qcrzdjvNpdHojeAzXxCWhpgDfks5kOHe1jdPwi0dBzI9FdzPBuqMeGVAHR8JMNPsjD4jEPh88PKBJG15PqB6JWJDGuLAyTGs2RYVtXwvadxB6+6xud8R1KD9DjHmg6dgDsVC/hsNuHEv1CXhxjrb2+qp5/ltVz2jw2ObEl1QnrYQN/mq9fFuqC5IAMEgwD81C5DarC1rGAkidAYjvor9XHmofNL4Qd2VMqueKZc15u1p+E9RKB53nT6BbTY/wA8uLg34Q0xpG1o/VEcFmtSBNSnrLQdiCQQLopuxFJgqNcXAneb9ZIsFcJpVHFjmZXDlFvS3ut1knBdCmyS5zqhF3aiAD2DSrtEOoQ1tZ743D7+xWLw+b4hhBa5vuY9iEZqZ9qaNTQH9ZMEDdX6X4tRy8Yyn1n0VZ+AqftuPT3Wrwmbg2cIPXkirXLDZNntB7nMqNLDIDJJ81u612FxAiNwtKjXZWbmYVTq0X0nQ4K6nUOuPTkVKCnJSfSEydJClc9pYqjhabmVXtcHjS3S3Se+y57m+Rtpu8YaodPxGTHK6kqMc8sL6mogggO2iZM9lZ4qzn71UAp2psAAA5nqsZ2IzuMG3zVJBvZZyjSdUcKbGlznEBrQJJJ2AXY+BuC2YJoq1ofiDfq2lPJvV3V3t38fZ/wmMMwYiq39u8eUH/02nl/qPPpt1Wre9XKTMgk6+ycxkqxqsSqlV914xGMsOgQmvjZK6qVBoFZYw6og6uq9XEobVxw6qLxmxrqVG06f7zuZ6BIfiGMsdeW/9dynCkTfbmrPiGo8MCt4+jTp09IANR1p5xz9FNlVBgaXMcHaxZ29upQDNbNfDyXOOkELOxld7cOC5ol87zlHTmY32lWKFNrquVpsI8+/QfVAuJMbphtM3FndCpstJ0AkXKDZthK5rCjzMSGzbqT35rYYLAMptArPgNA8o+M/LksZ2HJYGtjrtHc2WsXNYOfLr2CWCpPqFtNtRzdJnyj8zsFJnIqU40sJYXXdbf53I9AveNzJ5YaeHYKMSSXbmR6b8/kg+Z4B1PD06j8S576hJPiCduhEERyurOSk6iWNdmIFzcDlAkSRoNieyoNNU1xLYBPfrsf8RfB5q5zYBE8jb+iG5piIHfpuUNo4p1gdheb/AJdU+Nzrw2lsg6+RbJ6Eh3I3P9FTIfVcGvJMab/O6u+G2kcwA9vnZYfB4AVcdTa4S177ySJttO/RdDxXDGGpUgcSRoBimYOsTs0Rdw/JDeG8sp6wdBe7c6gHQJkx0Wyz7G4ZlIis5rtTSGMF3WFz2APMr0uHxDKtItLdLAnssPF0XUapeHATf67rmuNxrKOrw7ifK1xJn16KxlGY+M0yII5cvkUPfk7iS1xGkiNXPeR87oplWUihJaSR3Kyq7qTaZB/VsrmEfWrOzSMulj9eaqZlVcHjUDIFiFu+F85bUpA6ne17dVk8xxjNJPMbdV74Tx1CmfExFWNRIYxgMugi5jYXH16K1+GvIMxG10fiDBllxXUcPjtUDkrVPEXQGnihqcGbA236bGVdbWNjINuS9Cx0hYrhBRyUlQp1rC490kyy5Xz0MVrc0OkM5gbn1K6JwLkzK9UVfDAo0YP+qpu0eg39ljsoyZz7wu2ZJlww2Hp0QIIEu7uN3f0+SzqOHaLxouWtkq5Vch2NrwrGKqQFmc7x4Y0ucYC6r1AAr9Jkr1jMbbdBcRm42Z5j2290BzDNTVI3DCbDm7ueyvZbhJ8xt2G0clj4nHeH+n1WnRwgd+pHMM4CkQ4anOMk8h0AQ/jKhQqUqApveHOf4ZJBLCI1ObOwdbkdpWlw2Cw7W/takuIFmnae43Kz3EfDtZlEUhiP2LnlwGnzSbyXTul4VjqYdWrFpttBLZO8aSe/K2iTifzSKdMHXewNtp1shXDWMxIYZeBRY4taGhwJYR5TfcbK2KTi7xXGGA2vuRAj1XrIMJ4DHUxqcCD5nOJInoF7wOWikw6nOeQXOBd1dewmyp4utTe7MHbQB802VzCCrSGQj59726IxT/ZUy8OaHPcRq/dttq3WKzLOiS7UdDQYNTUJcOo9fdS5rnAh9CZBbqEbBw5FczznH+IT4cx1P1gK9hsJ42WdAPIc479kjFVHNDg10Em5GpELrGE48pvwtRga5xp0zTaRcvMQzvO0/NFuLGuFLDl/limCRv5nbgeyzn2Y4JrMLFQMLqn7XSfisdLSemwtY3K3fEWCNfDsqtEkAWbe28W3j9UzEDMHhtyIvvEifZLwjG0XNPM784MLHU2seILtIAvBgj5oTmOY4dh0sEwI1Eyffoo8dWc3U2ItAA59TdB6rWgjUQ0EhpLrgSCeQ3tHqVVw+HzG5MbBaGIrNbxEX9lseHc2dphrLuHxC5A7IPnWeu8bV4YuACCJ8wkH0kRbstnwg3CPa51Gqx0NAsYc23NroI9ey586TiC4MLi0uAaJMmSDfaO60mtFJoG159fnldY1dwrMc7U2jqjdBtR7NVURqILOjRc3A5kL1i8dobEqSgyo5hbVa5rbQGwXTy2NgD+Sq0cuNTUHtcyNiSLjssyv4ZdnJEcgQYVvAOe1nhuYQdrET80QvwatTW9rXPawanlonS3qVPQyupSqeHWY+m8tDqYIEiSdLh6EbInkOJOFr6KVWWu+JjoALht5uXNanH5ScRim1Kh8xaP4mho2DTbmTPqtTD02vp5mapOKeWvyO0UXDuX4vwNVWppqQTydE/D2PojOWZU9jGtFXUdTnOJtJe8ucQOQEmB2RTD5eabYZ5ugJ0ie5vHsgNHFZkarm/dKLGOdDKniBwpgTqc4Ay+YtYbjqtMMDLQfqVkufC0egC3Tskhr868M6KtCq97bOfSDfDd0LZeItFuRkXiUl34zVzm6Ibw7TpvqUmsgiZtEQ2/6LY1qtyuVfZHiQcXVpt+FtJ7u06mgR7lbrFY6CUs1eAHSU6iyVYzCvAXL+Mcyc6oKX4QZPdbTHY2QueZ4dWKPoFm4l03+aLTwohytYMeJUkNgAAAdAtHRpkR059VWy7LWtA0kucR02PQdUQqYd7BDgZiTO683iH5yS3QWWu2Bw7pmvkkDcbo3hM0p1afhVmkDYO39D2KFYR4NiBO8zFj2Kr1qZmGg/FC6oVX4fiZBkQQRYjkbLh9JtU5XWi4PJS5vgH0yQNj8LwLfNBM2z11Go6m7QW1BLIBlhvIPX5dlvW4ltZhpNBJDbkiNUdBy2XJszyupWxRe6dLQCOxPJXTh6LKktPAQSN7ixAO8c++uqVRqPqN4hxCP6MbKviMUxry8CLG8WdPL+/JZTOaTXHxKTS1rjBBjyu5ixsugVMkd4cFvOR62BssrjcJpLw5p0GNUcgOUfruFoYOs0HLdKxlFxGdvmPmi0/CeKZSpeDUrtFR7WkAEahqHljqRJEcrrT5XmTnO+7trODWQ0aIG0hxgyQD3PJcPrtc90iY/TkjmSPrscNBOrkZ+l040W0znm++yzqlCpU4Q4xyP8rcccVKVNzAGlwbZxm8k8nesoYzwn0TSfTfFcyHt0w0tB8M3uTJNu6JPy3G5pRp4fTTpijqJqXl7zEagOf8AnZZg4uphWVKNRsVKbi3qA4HS75SPomUWU7OH0FvgSa5rUx4bzJ7yqOWYItddxHmAJEixME23EStnh3tw9NxI1EEkci9smCO0dkNyTD+JR1VQGuYQ4ltxo1NMPG+/MbSO6qcT5owuAbOkCLEXB+L9N+ipYumatVrCO/lou8NiPBpPcDxbeeq0mVZga1MVIgHVaehI/RUszzdjZv8ALmDzQGhnvh0WMYBN55wZkQPdDsPi2uqftB8R8oPM7lV2YHic4i14HRawxvC1pN4EmLT8stBhMve8eKZ3MQL+/wAl0ThHC1izxKssY3Yn4nAbx/D3QVvEtPDYFrNLS93lFhYbyVmM6+0LEuljSGs0QABBB6k7ERy7e9/CtdTeXE7aRHlM7dNZ9aOLe1zNN9Z+y27+IqjqlVjPNTa8gEHYcgeh5fJH8DUc5pkw6Jidwf8ACsNwU1tKkdbi51WHuJ6uF/zW0xWaNayADJHIXjstCmdXOKzndlz3G8JV3VHObVa4E2c551Ed+6S1rRVcNTGENO3lIskqvhDql+EF6+z7h44d9R5Ml1Mj6g/oocbiPM4d1uMHRg+4WEzqjpqvHcqzjGQ1sKzhDcqnWqWWOq1ZrPd0MLWPWTx2F01XcgWlw9RyWbVEiO60aJhy6RgM5o0qTWPb5y0GRBN77zYr1TqOqODnnyhpid3zsfRZLhyrSFRrXUg7VzkuItuAZ5o8x8Cfb9Fl4qu6mGgGRpGmka2v3V1lIEkxfn/HJEMc0WNo6bFD/DkjSSduV/ovHjzefVPhMTLgGXcdhz+ioOPiPkN9Ln50T2sNNuq0HDuCD3OqeYACLyCTNz/YqCtgG0XPdoe+BcgACXDnO+42CMZJQexsG5N49d56+qs5hgy8ggxt84Mr0tDCB2GbDYcL+Z725H/VjOxMVzJ4TbyCx+bVg2mCAZcTEiwFpjvP6oDlxbRdLmh2oElro2OyPcT4eqXhgaTJMmLAWuSNpTZfw2fFe4NkCBL7RaxvykcuoWc5tQ1DlBkEAQO/otFr2CkM0QZJv9Few/BWFrNbVdR8PUJ0sMAjlNrH0UzeEcLSGozoaO3sDCK16GmkWPqOI0g6WmHQNw0i8d0BzKtrcx0nQRZv4RHKPZX8U6lSpjNTl1tSNdCTFo6ddtVQoGq9xyvIb09hO6kGEwsg0qz6T+RcIvyk2t6oVmn2bvxFQvfiWmZJdoJc4l03AIG080OzKuKZD9wfiHSJV/IOORTGioC5v4Q2NQ5AX3VfAYhk8bAAd2yB5iT6hPx2DfUaC12aNjE+Rj6FVc8y77o/Q7SGuFiLAgQLjluN1mHZO4ksIb4JggxLgOYC6ln+XtxdIONMhzQS2YnVEtmOnqsa2naCC3qHSOXdKxlL/kd+XodPmspmEecSPzIltrfWdrn2WQzvKMG0mnhTWqPLpL6p0taBuAIE3tdDn4cAxA1NkT06wr7nkPeCSZd5Z3IvJ9FGYaQXX7SrrqznG/K0fPJIo0GsEjfntCWNwLqmG1tddpG8WPT52+qF4hgLA7oIPqrmNqlrDBs4gBoNyZnbmLR81Vq0zoDN3AkuHQn8PfumsJIEqliwBYareZARqaAZmPbstXmIb+zYKoDwZ0CCCP4ib+y4lgsZUZWbUaTqYQAP4ebY5CLLp3DOLfV1aA4OaJl959DsST+SfnDRl5pA4r8lqfEq8mN+bo/RJKmaxA10qRdzOqJ6WgxaEk+T/wClxC1jQsxxbg/OHjYhakKrmuF8SmRzFwrNZmdhC5pPyulc5qsWez3DO8rjsDFt4K1eNpwheZUNdMgGDuPldY9RsjstVjocg2UeI11Os38Jg9L8vXdbKjhwW7i358lhsG4x0h2/e56eq2uXuIAP8I5xe0FYmKIzNzaX/wBWk39JI1UlLByx0bjfp3WWxb/u9Um5BB2sYI/JbDF4kUKZBkufBvYCxv8AxC6wHEeNBGp0kk26krqlRAIbuRxD50Uhxc0uOmyL8O55iah8NmoyfgbJJA+o2XTcG+o1uqrpptgaWapIPOXHmuS/Ztj3MxTtFwWESepuD6CJW1x9F+qSS4nYk7nmFeNQYY5qbSTyFgBtsSddLDntNN7PGOV0Ac4uefIDv6ItV4mpeMKQE2cSfQTaeXdNmOaF9OaR0gAucTbzcm25mPZYnMsNLg+SHNPL6q5hsygFroJIv36eyV/9Kq9hzHXWLfXWP5TBgKbSC0aIvjs1cGNrOLQ+RtY6QTtbnYLJYvO3+YCDcwNhcyZt6eytYnSXBszOxnaBz9ELeGDUQ2RFz3Oyr+J4hlwn7/7urjKbWDh+duyizbOW6QPKTaRcxHoo+EcsxGNxDSwgBha5zjYNF9PcmyDvaC5wiC7pvHRaHJ8+OXMLWOAfUdT1ANLnAAkdLC6v0WUqfCQTM6am3wfdVq73OEtIHsuoZzmIwlAhzy+oGzqcBHz7brmGZ8TVMS+XBo0tI8k7bybz8ld4v4gdXBcdvwt6eqwrsWdZcLcvomOqOr5gDw2AB6bmZM9780mnQFDKXfqNye+w0V3NcewOEAjYb7FUKuJkHv8AS8pzlVXEPDmtOlvxH3I9VJVylwOm099/7JjWMa0Ll1Rzi76KLBYstJloJ5EnzARy6TYTvEq1leGYHuJkcwN7GefNWG8N4gR+xfFgXBrnNj1CO4XD1K2ih4bfKIbpBkxvM9F3N7BV3hoFzdeq3Awc0V9ZuJ8gmJALSDyg3PYlbrLcGKVOCDqdpEgEwOrj7+69cJUajGllQHlpE2iLwVoMFgtEkFxBJMGCB2HOFfp0wQCB/SzXcJIQjwag/G3+WP1SRPE5lTa4tJAjlbp6pLvI3mokooF7CjXuVZXCy/EuW6SXgeV2/Y9Vis31NYYNx7ELrdWmHAtcJBWD4myQgFh2PwO/QrNxtDhJar+FrCQHLn2W4V7nTHP5LcZYW/icAQLahqBPQgIJkujzsqNh7Abg8h2mPpzU76gcSGmwta8fNearkh7XEAjXf7QtxkOaQqfFOaVjYAvdIAAnblA6LI4PKMRXrN1jS2bz03K3j4ALWjzc+fKeSp4eo6k/URJEyOZGxTKGIcwGBc7nVS9gMQbDYI/leV0qL/I0M1AEGbTFwjLmiY2d+IC4gix+axL86a8ai6QDPT6DbbbsvWXZg2qfiA9b/QqWViwGWTe5Jj7T9dLduHUc0HNsiWdHQ4z6H1sZ+d/ZZDMary6ZgX9SjHEuaaGNvq8xlxu68CY9FlsbjfNJ81uWy6o08xztFjKhziGwSj2T5FVxElldocLgOBiLRcbK9mrX4agaD8O0PcLPLpB5am6dyOhjuLoPwzmlak/XRHQFpuHNmY7FXePuJG4gta2WtpSSS0zrO4HOB3G60m0ab6U/uB+W7Ko6tUbWAP6fm/8AKGZRRDq2qoGtDWk8yDb8yvDsSHmGM0CTJi56XV3g3L/vUgu0yD4bjMOc0gEel1vOF+DmAVBiqbXkPGi5I0gSSNtyYv0SGYd1SpEdOgj7p9WvTptknrG/2XLqtCpUtTBLep2t35lMzh+q4vDSwloBkmN7GBzI/wA3XQM6wIOKdh3TTpW8Pw4AiJcHu3ZB5QOV7wNXkmWNpUvC0eRoGm+omDMX7wbq9Swx0nRUa2Lm/NYHLuBHOdRbNVrQ3VUc0loebADVt1RHDfZ80YgzUmmDJ2L/APRPXuuh4QuMl1hy6oMcZSpVagENYHAlxO7iPMPlYK26jStmG/ZUhXqXgq01tKiKLWsIbUdpbp5ANc7U4nkdIHXzBW6GWUmOLmUwHEyXcyCbid4ttsnwmJZWBcSD0uCrIxLdWiRqHLnG/wDnoniOkbJJlQU8KNZP4d4PVTuqQYTVKm4Cq6HbqZhcqbxD2STNDubh7f3SUT3RCla+VI1qYBewnKEgFHicO2o0seJB+ilSKgiVIMLnHE/DjmO1De4Dtg4G2l0bW5oBlNIT4L3FhJGoEfEByB9z8huuxVGBwLXCQdwVj+IOFJ89OTFxHxN/7h9VkYrBQc7BPMLRw+LtleY5FZfEVwH1LnSSGtHSLEd7j6K9QwZeC6JBvq5wdt0Dr0XslrhyseUzyRludGnhTqlzgIaBudW/t1WE5niOOa3QAf0BaVrZixgi/W65zxC40az2tPlJ2Gy9cPudVqBrQfXoO6bMqQqAkOl1ydoF9gZv6Kzw3WNN1jE+0i4+oHutIiKMfuj7JIcTUkaItxLk7gzW4yGmPSVlQLQeX5LX8R5o5w8KNtzMz/ZZqvR0GeR+qRhHO8MB+uy6rATIVWnjH03DQ5wEct+6LYGga5h+oue6B5S4vJjmPVeMgwArVmgtLgNwLD5ldlyPCMogGnSYCYD4MO0n5XO1rLUpU/EbGizK1TI5Assy/FUKAw5oTLQ1lRo+GbDUAN+/otlk2Bq0MOyk6qa1QWNSobxM7gSYFhNzFyrYqEFpEFh3dMFvy59F7dVvsrVLDtpTBPwyq1Wu6oLqnjspY86hGoAzIs7aNXX+6duGLRZ3y5T+ittpTcqjm1ZzS1rACT1mI+SY7K0FyUCTZNWxFi3VBNpAk/UEIDj8pZYPZqB2kEGB3RRlJwDnwDUNmyTpHWOn9lDhsK6q5graiaZcWwSG3EQ4NjUOxSXnNAIXQsqGVZUydbA4AiLzFjuB+quZ3m1SmRoa1zpDbzYmT/nqiObVvBol7YBBA9Bz+gKzuXUHeAHVZBnXJ95/NcPHhjIzXWV0L3KL4CrVLQ6q4SZJaIsJsJHaEYwwkSDMrM1M2cwta2mHCx1GbjmAIR5uZU2/hIdGw290yk8c/WVw4HkiHhFJR08waQDB9klYzN5rhel6XhOmKF7lKUySEJJinTIQheaZNSrg6hBPMc/Uc/zXPuI+CazATTMt5c2/1Hz911Qrxsq1bCUqpki/NWKWJqU7A25L5rzLJ69OA9hDesS3+YWT/e9BaR+GD8wvoLF5ZSfct0k822n1GxWezDgmi+5pU6ndvkf9LFVn4Nx3lWqWMaNlynEVPE84u07Rf5fLZV30ZcNzJ+Ee1gug1OAqLdXhGpRcbQ6S31gn6hC8PwHiWvDhVY4DpIVf/kqNMDRO/wCthEnVbDLsDhqVFkUiDTEEncyNrfEr2DDg2QbmdOrl0BjcbKHIMNimu01i0sg3uXTyEyrVc1HWDC259I6+q0RYaQsxxk6p+H8QadN9Ss4+ZxaGNaTJG5awAn57WR+k2boTk+UOaQ4nkRcnnE2+SK1cO8XY7pbkeu4XTAWtuuSZKkdX5ER07qnXoFxDtUQPlG+ylxZc0aiJ/MKzTpy31HNdETYqNEEoMcQdTtR1Og7eWfLb0j6olh6UCAN9z/RQ1sFJmmL8xMXU9Nz2hrS3s7nfrKWwQb+qkmVDj6bNI1AFrTz2nYIdWc2o0xzEFvqi9Sk4cgZ2H9V4o5fzIA9F0WkqAUOw+WzE8rBEKWXN6K9TogKRdim0bKCVV+6BOpfvDP3gkpgIUSdeU67XK9hOo17CFKdJMkhCYryV7K8lCFE5qge1WSvDghCquxBFjcd7qIOp/uwf4TH0VipTVSpRUKVapPaNn/zKzTd3B+aB1aJGxIQjMMRUYJab+iiVMLdsdZSNcuZ089xDRcN//Q/VUcR9oNRjxT8LW88m1CIHU+UwFGYIyrrT3HsmbsuZt45qc6Lx/wDJ/tS/891OVF3zqf7UZgpyFdNaAnLh1XL3caVztSA9XuP5AKN3EuKd+43/AJSfzKjMFORdPdiWfvD3lVsRmlNgkmO5IA+q5diMwxLxes4f6Yb/ANKptwbiZc4uPUmfzRmRkXQcfxtQZYHUf4RP1sFnsbxhVqWYA0dTc+2wQX7lNipaGXgclzmlEL07FVzc1XSe8JKx92Pb6plEqV0xOmSVhJXpOF5XpQpTpJJIQkkkkhCYtUZCmTOCEKuQo301Y0ryWqUIbi3BoJKzWNqy7V/KFoM8oktAi3P2WYrN8P8ADrcbDv22XDl0FVzBrwywbJ2E39ua95Hws1jdThL3Xc47klaTLcn0garu3J/Qdv6IyzCrmOamVkn5IOihOSDott93Xh2GCjKgOWLOUAcl4OXxyWwqYQKrUwaiF1mWWODTjDI+/CKF2GRCJQkUV6FJXzQXk0VCFV8NJWfDSQhbJOEwTqwkp06ZOoUpJ0kkISTpk6EJJJJIQlCYhekkIQfiSq6nS1tbqgtkTFiYN+UboZlZY94OphIEwDJHf80bxvnJplvki88zyAQrKsrYyu+pAtpY08xzd7yPZClHqLFOGp2tUgChQo9K8mmp4SIUKVUdTUT6KvFq8liEIc7DqB2FRY015NNEIQZ2DUZwKN+GEvDUQiUE/wDDykjnhpkQplME4SSXa5STpJIQknCSSEJJJJIQknCSSEJ0kkkIVOtuq7PjP+ckkkFSitPZSJJKFC9JkkkKUxXkpJIQmKSSSFCZeUkkISSSSQhf/9k='),
(300004, 9003, 'happy #nationalpuppyday', 'data:image/jpeg;base64,/9j/4AAQSkZJRgABAQAAAQABAAD/2wCEAAoHCBUVFBgVFRUYGRgaGx0dGxkaGxsdIh0kIyEbHRwhIRsjIi0kGx8qIx0dJTkmKi4xNDQ0HyM6PzozPi0zNDEBCwsLEA8QHxISHzMqJCozNDwzNDMzMzMzNTM1MzMzMzMzMzMzMzMzMzMzMzM1MzMzMzMzMzUzMzMzPDMzMzMzM//AABEIARMAtwMBIgACEQEDEQH/xAAcAAACAgMBAQAAAAAAAAAAAAADBAIFAAEGBwj/xAA9EAABAgQEBAMHAwMDAwUAAAABAhEAAyExBBJBUSJhcYEFkfAGEzKhscHRQuHxI1JiFHKCJKKyBxY0ksL/xAAaAQADAQEBAQAAAAAAAAAAAAABAgMABAUG/8QAKREAAgICAgIBAwQDAQAAAAAAAAECEQMhEjFBUQQTIjJhcYGRBULwI//aAAwDAQACEQMRAD8AdloaooIkmSohyLfOCyUBWrc4YQhn20jweN/sQoXQgOWpBFEJBYOd4NlA5GIoPKsBxaBxoRL9I3S5h33RLfeImRVoRRpCuJBBSWPKCJQTVqPE5UkO5HSGlSC/Du8ambiAlyHZh61guIATQMOcGY29awFeG3O8B2loFAFKd2qeUbBo7WjaUfu0aShYq/aE62A2RmvXaDqkkNQdYyUgkHdv5iYDpCSS+vLaHhC1bGSBlFGN+UDWgtQVekNi3SNL/wAa6PD/AE00agKEigUai7WDxiktVO0aSguzVgkstdNXg66YLsU90Tag56xiZJekNLVWg7RBc8BtNHgVFh0LlCmYvGi4ekEWhTvm5n6CBJStJ0NYVp9UAyag0rG4kpbmsZA4jWJyqNSGAmmkDlylBLsfxtDUjCEhyW+8XSk2FWL+7J00gwSReG5GEYu5Pq0HEpJVWn06RPhJhSbESg6CJIlq1EPJRsm1n+ka93raH+n5DxIIAoCO0Noka/N4itKJaM61JSBUqV8gNzyjyf8A9Rfapc1fuZSlIlJAzMWKya1bRmo8dOH47lt9DRieqpMtRZM2XmH6UrST5AvGxhuRMfNMuaUkFJYguCKEdxHtn/pj7SrnylypyitctilRupFq/wCSTc7KTzhsvw1H7vAzguzp5iE2F/5iKZTlvrrDvvZb5mvodIGudL/td44ZRi32TdEBLP6WvWAzUgftDBnOaEM0LTJgArpBk40CVUYF1pqYlMVoG0LiFVz0ktUc9vVobk4UKZja/wB4EZOTqIt2RQou7PBEpYVDxKZKCAxP7/vG86AwDmHutMy0AIAsNKdYAsDUVf8Agw6shNIgGYqeNsbiJqXo45Ugb0YXvDoUFAgWga0JTUktAUvLF4lYsG4rGQ0cqqJU4jIS4vYtE0EAEVNmasNyMOWIbVxB5KQGKAGrTXvBkI1Jc7fSO5Y9nSoIRThy5uIZUluUM4lLDMzMHUeUcpiPa2Sl8iVTOvCPO/yjRwSbqKM1WjpEyc1O4ip8U8YlSQQCFrrwA0H+5Q15CvSOUxvtJNmAgHIivCg76FVyIqM5el/Xr1Xsw/AV3P8AoWhnxjxSZMPEpzonQdB6NK2jh/aIEzVl7KI/HyAjq8rq845T2hmAzSKVUSW2en0jtnFRjSHiVaJZLNclh9o9E9gpBkzQo2UCg2HxNU/40ftHI+EyM01Ab4a+dvvHoeElAAAGguW+UDHjU4u/Icno7mYgGg5MRaJJBLpZhvHM4Y6B+xI/mLRE1X9xHJ6eRjjl/indpkOJYmQCQyhaI/6RyaunVoqU4yYCxIpY5R5c+zRNHiMxI/S3IEct3iL/AMZNeF/ZqfktVeHpJckFtNaWrCmO9oMNh1JlzF8RNQkFWXmprRV47x9WRSMgGYNnBLjn1jzD2hzomCYFEjMC9+Xej3imP4Lim5aHjFHvaxLWlKgykkAhWjH+XgRloRT6c6x5t7Je06kSwgBwa5FOwIPE2zivnHX/APuCUps4Wh7lgQD1Fbcolk+LL8oq0LKDTLkT0tb940uvf1SByWICkkKSQ+YF3gyANj39XjjTfTAmBElq61pA1lIDHWHDLFKsToTAVYU2dJ66QJr0ahT3CEjhtGRKdh1Ztco2jIlxXoFjaVgMGvtTziaENU0NYKqWQzHTs8RVNbYmO7rssxbxVJXh5iXLmWW1ctt1EeSTHJYWJ/ePYZE1JqodY8u8WwxlzloZgFltmJdPyaO34WRStAQogaP3jSqBx60giLevQ/jaMEtyH9XP3+UeiMK47EiTLUs3snqfxU9Y4bEKKiVHX0IuPHMb72YEA8CKdTqYrJqHVTap0jnm+UhkqRaezz507n6R3GHnGgs3esVXst4SEpE2YWKwMqbcOnTeLnE45EuZLlBKQlevLQ89YrH7I2xUnKVFkhRTLzF/TxmAxJeusP8AjU0GSgqZ1EAHy+Vz2iuk/AG9Wr65w+LIsitDZMfB0yyKwfveE52KGYJApqYmmYctOzwpiEBIzF6+vtFSQv4iphm0N44z2iW6CBUv5NWPRc0v/TjNsXto+tW0jz/2hwRVLE2WFKQLlKrCochiW5xyPIp2l4LSxuNN+RH2ZmlMxFaFQB6W/MdtLmEilyPpHDeAjiSeIMp6kG3Yb3jq5U5uh+ukNh1EWe2WnhXjcySQKFOqTT6WPSOtwHjcqawzZVGwVbsbGPPcYXIIHxD8RDD4ghgD6B9eUSzfFhkd1T9k+KPVAsJ+Ivz+nSImdmdlAHbWKTwTHickJJ40sCdwbH8xZZWUQC7agR4WXHKEnF+BGwq1ks5t1+kZAJjqJYF9YyJ1IGx1GJo6qW1iC5rvfk2nPlGS8IHqXOo32jESUBQJPzjpadbHqRJMtqOCDqBWOc9sfClLAnSkKUpAyzEgVKRUEDcOaajpXpkJSFEpalRU0/PWNKmqzMD+ol+Qb8wcWR45ckGzyNOMRQhQ8/XoxcYf2enYuUpUtfukkcC1A8f+0ODl/wA+jPVu6V4PIK/eGTLK3fPkSGfm0MCYVOA/XYbDeOzJ85tVFVYbSPA/G/ZzEYNQTNCcqvhWkuhR2zNfkWMQ8IwgVMQDYqD+cfRISAlmBBDEGoPVw3nHmHtT4BLw09C5YZExSlZP7FJKcwDfpLggaV5Q+HPyaT7DyT0V2MkzMROlyUBSUKcqIAsCzJJ4SqhAB/ET9pPDZcpfuZS5pMtCZn9QDhzByEqTplIJGhfenQYeaCgoWWZWaWsAnLoyh+pJsRo9IFOmIZRUhGZQAzIcMXqapq/bvHVNS5dWn5LRUXG72c7J8RmTAErUTl3+pjo/CiTLL+uXreONxCMszhsTwt2/iO9wGGaWkEMWr9Yti1olJtvZpK/X0PnrFZ45i8iBzN4uFSgPXKKf2lk5pCmumvrlDyejHH4nxKbM/pJUeKh9aXi3VPXh0oRMkTESlHIJqwQkkh/hajitakOdIpfDJAWFknKMjPtmKR2vfT6Xs3AomSjJRNzrKQ5crCACFOa8IcOw50jhc1GVLtlEnJW+kVmGkhCli10j5k+uUW0j5em9coSA0LPenMMGhySPxHXAkyHiLskBxV32t+AYFg3qT/B1hvHuEhWxr9I14RgFTpiZaXD3J/SBcn7buI0pKO2A6j2WwpEtczISFkJB2Auedado6KWjKb20+sZh5QSgJQGQkAJ6B/nq+8SVO+EAd9tI+fzZec3L+icvYSWqmz1jcLFdbP6+cZEuYNjeIl1NToBpG1oAZNOYP53gk6YkM6S/OvWFprBio9AQ56Q05JFHNBkyyDRup+fKNsDQX3/f1rA0EkhIIc2r8mjYmMliWUE0FKO/5hHNIV0SXQMp2Jrd7vGkoQkkpNDpv5QlOmKNHDtXr+NInImBmIKkksQka8vueUThkuVNE2xpa6/ESkmvrb8xyvtrIzIlEZiUzVA90vT/AOkdIihALJoFNcX0PzrC2PQChsvw8QIBsKO/QmK45yjOx8SuaTOExU0S1MRwqty3HzfziUtWdIGh/j8wHEpEyQN0fUUML4HEZBxeXlH0ikWD4XBpRMzqL5S4HP8AF/VI6TCqLVF/XaKPCpzlyerdRFzIS1mHr184eNeAMYWpop/FJwpsXF+sWsxJNRQD19oovFUZkGnP6ecafRkUuCkiUFKLFBo2+4PnDMzGJCPdy1ZUE/CkJS/XKOLS8VeJmsCPu9fttBfAfD1TFJA+KYrIjVnoTHNKaSGHcTglSzLWq06WJifMpYf8fdq/5wxIHryjvva/whK8KBLDqkDNLTWqUgBaLXKbDVSUiPPMOt66GD8bJzW+xB2YkKSRpr68o6fwDw1MqWCSQtYdVNLoSNtzue0coCpRShFVrISkczTs0eje4KQAH4RTYltx0jl/yU3xUYvvsWRkokjLQHuN/VYiZKnpUN8+cSlod0szip2iK3SRUt61jx09WKRnYZYaqSrewEZBphUC+h0NYyM6sNL0SWCWD2YiElJSkEqJv8ujwyudRL6OH/8AHvCBlqKnLqdmSmjNcuYlkdtVsm2MSAhLEPlYuRV7te143iZiWKiQ48/OBhTOEkklyxDavUklKjAsymIGU7OG/nqIE060ZtsLIZRzKYhtSbamGMMlAQySSAdRcioPnAcrsFBg1RcVppsNtTDGTKEhAJAGhFfPWtrw2NNP/rMrCKKSA6nvTa/xcvxBggKQUJI4kkV5hgQdSOcAlIcnhSAFABg+rGpLa2GkDWplCptowq+rW/mLOTjsKbWzzjwyQtcxctiDmLjapcfJoY8Y8HyTEpQQUkfSn1f0Ivl4USscJgYCaiYFB7KSxJvV2B6k7wcy0qmZz+lLDubvr+w2jsXynyXqj1cOKOTHy82UcuWJZCQA5qRy0O9yaV7Q7LL27xrFyD7w7m5r1Gt/2iQWwpRrR62B3FM5sqqTQ4qqb132tXyEUuLS4IF/v9xDIxJIYHfTtCK1uS/yf5Wiz6JIoMRg1FSWDhZA7uxjq/YXBf1zNNESECg1Up6eQJ7c4VwWHop24VBQ3/j9o7XwHAJkSmutalTFGtyeEcgBlHY7x4ufLUnFlckVGKa8lojEEsCzt93fnHE+Oex6jMVMws1KAsuZcwFgTcpUBQP+lqPSjAdWqSpwf7quGboCbDSCSAXqTlcW07vv3jnhmlD8TlTkUHs97N+4UZs5YmLYpAQCEoGrPUqO50oNXvFIVo2TbrDkqUpuJiTbKdOYNjWNJWBRQGUWsX09PC5JSm7kw15YihCVGjuzVsD99bQaXJNXDMbEfFzfrpBloCS4AYM1e5gQxKSTcaNp+IRVF0MqRtOapAGwJr8tIyCyZgCdB3Yxkbkw0is8SWoH4XBbvq72ECMpRA16jKwq1NaECLlUoHW2j33feFzJcvceTGxb5RpYrdk3DyAkyCgZixJpUuB940rDMXKnJH9ooNWYQ/MRlQ7nmwryfzaF8qqurWj3O9ToO8BqtGpWCkyACDVJCTQkOaEC2xMRky1B+FOarZlX3Y1LHdtDBUYgqVlBzNRTAjR2D1ia8SUg/IXUOprSCmuwNGLlUZTO36S43uU1dgKQq2ahRxMS1h+YP7wLCSnMR8udbfl4lh5YbUPUV8w1gHc/eBKHJgqym8UKUKwy5iS3vDKB2K0HLW5fK3eBplKl5gzlyRzpTvD3jWFSuUUqJ4FoXmIvkWhR6lgod9Yjh5vvJiltTY7UG2znvFccU3E9T4U//Nr0c8NSXzGrdeURVz+r/trDMqYVk5A5Lmn5hhWEJFW6P9o+gjpHMyolpIB1b5+vRjfuSNPVOfWHZ0kpuCBvXmL6QRCUkN9IZipIqsEUpmIUpLoJAWN0kh+rR3iZ4Ty2Zwzm9dY4+bKCaEEDmCB0jq5SytKaPQUbVmd3oGFjrrHj/Px7UvIuX8UxtJcAVq/V9OWsDZQNg52fpV9ohLlsTlz0DkuS3Ia07xiVMxepNXHXyPPeOG6RGwnu1B2Jc6t8vQ2iBQUkgMXvU030vBM5JKcxF+n71gsocLkWFiK8ncenjcb6GqyvYl3pVwc196XETloBu55v9htApprZ3TUOwvqauIySs5U0YHQaNbfWJLT6AnQ2lZYN0f7RkQ96aFzs7fdmjUOMElTbFVyafPUWHOHAkJqQLC9W/PWFMMCEu4b+0EEHkQRTtFgZga4dqgBz1JNtuUXitbAlYorMougUqCLAdGO0IzSLcXIWYtXjuxNIsZi1FFCkPU9OthzMLy8PxnLVJYcnrV9fP6RKUbYtApk3KlgDapqT0bo/KkZlAJUoOWbKAXq7WBDN9OUGRKFCgqCb5gQdaVHxAs1LAxJKQkmhZmtSr0objnvrDqF9jU2BUkEmW7Mb0F6E+R5QN1JQCmjnQ1YVLNcE/KDIWlIZIU5U5pW9SBtzEBnzQEKS+axLO9ww6WtSFbVWzNJFX4xOCZdFAFaky9zUgmuwHM1MSwiOBZsWZ9reXreKH2sngzMqLJFxuTmflp8otJOIzYczHbWm1CetCY78WPjGLfk6/iyqMkHwyEy05UCnma84kicwZwATqbmgFY41XjlVEuQ9xppbX6dKROX42le7uKUsXLO5LUFz+qoj0uUWuyKezsUzkK/UnRq9L8makaVPALpYnWzPs/WOYw/jABDGhNNG2Jq5tapMCn+LhqGlfWxZxyvcQB7L7xGeCmo7U03Hcw94biT7tBKxRIoRUtftUW1jhZvi4OvT5/nvTWkW/gvjJTRTFFWpUE3bdJ25do5Pl43OKUe0SyJtaOtGKqKc6Hd3qza9bwSWpQdy9QczWdgK8vvCuHnFSQ2VSCxs7Ury+1REpeIXmJKiSDT9NqVHIbR4blx7shQwjEHPThoCABeu/mImvFMCSqhs79DWjgtaBicXACaEUIAp3ag6xFKBmIJLLBsQA9APl9BBjJvofs3hFsbv22jJyT7xw2+r897xEy0gAuSNjU/mJqmqol6hv0/cikanVM3E2ZoUavvu37RuBobMSFVFDdx2jIm1MPBjUtbKCVHiuM2l24Xq32htAYF/jV8VatoXtC0pdwUgnyYPrb5QRS0yzmWUsRdtNXoY709BTZqUsqG7XcWINHUxDwcLCcqSAVsWADua2O9qnnEDNHwguEiuXKQ50oWfXnApgqFFQ1qbgnbk7/SBxrY3ENIQyEMAW2CSxPxFipr/ALQviZhUXbUDLR+Z5/tEMSjIF1SKOSSS7a3YF9oWKkrKeIhrjXZ9z+IDk+hf0CZwHUA5sbN2IvU/OAS5RcJK2KjpRnu3M9tIdwkkBLIepD8wLED8QLHzBJkz5hKgpKCQ1GLFqvVz9RbUfTuQ0YHn/iEwLmTFJ+ErOX/aKD5ARf8As5iGlF6sTmBsw+TMR5RyWBWMjbN9IYleIKlF01BunfvHuSxqUEl4K45cXYr7Q+AArWiWQHGZANlpNaHe9N4osP7PzJaUrUVDMHABSWqbprtWlK60jpMR4jLmoKFnMm4eikHZ7bRWhJQnL705Q7XFK6a6xGMkltBkreivK1CtXYeukSWFEhIqT6+sFQuWTcuKgkEfb0WhnD5Euc1SxcXGtDvCc5eBaFPC8Ata1mY+SW7pFBmFAl9SVN2flDeG97mFAQoUbpSkHxGKBllKRlQAaPUk6k6mLv2exavdJSCCUDLlOtd3205QmbJLElKtm5RR1OBCkSkSyXKZaQopVYgAEeb+XSDIU7uwFde1Dd/WsIycQFMg5Qskb2qADu5EPIXlWzCtWqxNX/ftHicnKVv/AKzmb2blS1AVSVJDEAu4sSdjr1g6Z4Is9SQ4qDzBFDAJWIQSoUTdyGalzf8AiGsIShRJZSS4NGZ9tDWCtPRq9A1hTnMAQ/xBz57RJlBOZLUqR83icyaE0AKX016Nf6wSVNoTMfcuS7EEUI06xVVdBTNTlpcHkA+h7nXlGQMIzD+mcoFHUxPzpGoO35KKQVKKhQoEij0t9aQyAgVy8JuKAVuHgaGzHKCydzT6PSNKnKIJSHyl7HS4aOiOka0naCLxR0Qz21/7oGJVeIqYHWgqzWFTztE8PiXdRSxswZ+p5V7QPClypal5UA8Tmg55jrpyhnT2zSmmRWjM7AUolIJ53P1JgeHw3u8z1WVOVBy7uCX3jWDnLyLWEfEXQHfhfhdqsaH+IPOVlBJBzVIGgaoHWnZxCKn9wY0tgTilcTcJpmNDQXp5RQe2uL/6VYBfMpIJYVdX0o3blFuVazMrlwBl1oaECt2qKmm0cx7ZoKZCUpCchWn4WqeJudOe9oXFylNX7F3ZxMjElLj16rBlzsyaQHxDCFDEihhKYCgOC42j24trTHMnouR1pABil2LX20hrBS1LrCk/Dqzs1XhJR8hRhxKjtbQc/wCIsMKg5Q/eF5eDaph1K2FIaEK2wNkcQvhCdzF/7Ny8yVr0lqBbdw31Dxznh/8AUmkk0SDUeQ+sdr7GSCEzaUMwJFHLgOPqPOOX5m4N/wACy6LvCoUQFAgKsCTo4J5i+kEQ6SoFyFFwRYUu7vUP2h/DB3DsGDEV0JNrlgerwUoyglgH2bX4S1jHjfSVA4aEFMkAzHUzmoJPMUdxQc9YtMNPBZ0l9E7vXz17wspBAsQ9KpAD1IqNImZYyuLsxALEHQA6Hns0OlTsZR9Fh/o7FJtxZVEjcgAVav8AGsVq0AkXLg0Js5BFtYPmCUj+osE1ZxmcM5dT01iK1A1LnVzdPOgrDyUbpCSVugkhTBiSDqQ1drX6xkYZBUAQcqgS/Q2aNRuMv9UamDQASogbEObdQ76RnuyoAVzFuwoftyieGmJUpYAJCSASOldLfiNrxCUqJJYqICSK0DuK20rzMU/U1USxCRmICxmYjKoZQLOXBaj0D3I2iOOKglEtCQVFTsKBNKt2+ZgaMGUJBNDbKKtWldaP5u0ExMzKCkNQFyOImvEACQCWavKFd1syXkLhsGpCV5x8buqjmxB3JFvxC09YIBJUxPxB3IqaEfnQ8o0AoAgpyuxqSOgJ1U/25RCfPGQEJBUbOvKWDhxdqi+zwJSpUNJvpIFJJSKk20NXuQ2utKs0VXtOc0s0VlzpLEB+FQ75Q5rz10tEDLSgNg21KuaNr/x5wJcgAEqTmCyVEu2VgaEAmpD7/E9IMJNNP0Ju9nHYzCiYjl6aOVx3hy0btHVYXHS5ctfvCWBZLDyjncf4qonhVTakexPKuqOlQXG7HfC5IyA8oDOSDMbUCGPC8YFgpIFBQinWkJ4lYlzFKJHFarMOmsWUlxQjRKdLGU8orBPWvgSO/q0PYnFBIs5iPh2LTmIYAE6D08JPIkGMbGsBgxLSWcqLPzOgAj0LwjDGXLT+mrq5lV69mpsIqfApSFArSkEAskqoXHxEebNy5xfYTCqBJT8JUxDk1bnu99I8v5edyfGK6JTf3UWEssU06ild23HKJTlBnoNGSGO993enWFVoY0JH+RBoa/PnEFJcuVAvc6dTT4vzHI5NLQ/J0NKU4ACrXckk/IuesCL0CRlarmo53tBlpyoTLUXDmgNeZ+e7xvDoejpcaqdmrUV9PG4+GamCSupF7MzHMwykF7CvygilFOQCWH1ILEV+gGjiNzMPLbgW5sHSRWx0Z7wSRJzJTYaEF7nfYGGV3RkqYeUCoHMOjB/lGQtOmLWVAJYpN8wSGsz6tWNxSymjMGMgLEPV2Nru5eu1N+UCCEO4ZZZ3IcP/ALiaAdI2Fy0HKjizVpRi9e4qbsIHilrISEFLDU3NWLcjCt35INWw6Aakuczu4JZw1dhTvAlKKFPldhU9b2NBE0JOVRl16h+T9axFSwBlYlJKnJo5ccvhuYLqh60blklLqNSDZyAzMS5cl9tKQSSo2WoHnlA2yv5mn0eopqylRAAAVZmYkkBzrYv2gmGw63WT8IrTVga3qCrSEt3oFrwLKk1KFKJVqoPlNSKHcULFhpC4mJKqElCSo5y1QwdX27PDE1KwUpPFwKctewZ9Kn8wPEJAC5aX4TkHDSgCS3mfnBSp2LJtnmPiy1JWuUA4KmtzjqfZvw0SsMDMloK1spQyhRykkgWL0DNzMVOPwn/UrCieF1h9aD8mOskSiUpGfMXGZv0BjR9mIjrz5ZSpLqisoNRKLxT2UQoPI/prB+HiyFuTEp3cU5RzOI9l8YVkFCSxbN7xGXrd27R6PJmhRzupi4Is39rDUWrv1jU2YQDTRnA1IFxsHr1iK+RKMauySk0cl4d7HoSBMxKyoAjhQWTzdXxULbXiPjfhCPdhUtCEMoBkBnzFm8946DETCJaxRwXOj1AoLENeEQhSsjKCkcJPUV84R5pN22dXxo821+ha4CWkIQiWlmSAKOHo5bNvV4cMxRJIYGrlJAAHDdjQCFMCpJJoQxZgolixrX9LGnUbQdSc0wkMQCSEjQkAVSzA615xGT0ck7i6Y3/qC2XMFF9BRza19fnWIlGVWZmBehYJcsxqaEN9YNIQEqIyqqmzc+tq9tI2ueQsgsQnfR+Q07GC1S2NTrY0FAgJUkKdquUtzGkCxUhSSVIIyqJc3e+vV4XkrBKgBXQfTlDMlIAyqUUhVyCwPK1XNO8NyT0x097JqHA7MaKsqutL1b1WM94A5D1DkjUaNtzECmTSHSrPQHLluxo1bt2gmFwqTSpAFXO9XKf1WZtK1ii2kkUpVRubLQsg35niHcUI+ekZB8JJRUFQKh8JILsb9o1A+nfoNIXylUtOUGtTboACaDU84FiFn3RIDEktQqKagBRAFH6ikHQs5lDMAWBJYs40SlnVa3IwZeUJDAgEHMbGpvzd4s4xfXQsopiqcM6Tcga8wRXZ3NrQSUlgElQqSCHD3Ya6/mDrwJQEDOpgSzgWclIIq/U7QDEykpWGNWPEVUvUEC2kJJcWbSRtGHMtLqUggqOYqJUGIqwAd6W84eEsISEldgdKlgamr0Bu3YXhRc+i2BBQElxZyzJCXv8ACT17QytIJUqWvIpJKSDV7PU2qWaCktsm9sVVMYZkglKXXRuI/EBXdRFtoUnS2IKFOyXUoh3IBcjQKdj0EHXKowCiC6mHwkuAQG0eu8JzlKQFImME6a3ypcUcAMoV25wtrobHtpFF7SSgpedKQHo/K7Qx4HmUh1Oz5XB2Lb1Ab6Qxi8P7xILgJIJA7FQ+TQv4NhFe4Trq+la210H8Qqk9to7fmRUUqGZqgGGZl0Aozm3YRBZStRLlOUFtq3flRn6RqahSqPtuWpy3p5xJMwFJyglTBLmlRffep5RJu2/R5j27FkSnJTMoFH4aH0SzwLwjDpS6CXOZWQGhIuARuIflIYZQC4apBY1Ov91ux5RrEeElXEOE/pVsTWu4clPeGil5Oj42T6cr/sUwyc05YBSU/wBPIwrZ68xQdhDc6WMwCiEg3VVyaAEAXNvOB+GYIIQpjmUpgXYEksKVo7C2kOypA4VAu4FDb6uD6No0tvXQmV8pOXtmLWoJKJaQRsoqc2qVMzjQWiMouUJOZIqK1Ls4BN+h5iJrnJz1zIWgX3AIBzAC43bWMxCgEqUQzjS2w1LeflDSpdjRVdjWGw7lzUBTg6kMQRyqH6iCTgCyWUyXSWVf9RqaDRjEULDBbsF5SnqOIjlq/WFChXvCkgZWcNZ2Zs2sG0l0PGkwwJP6nD0zE/KtX2tDWGnAnMCWdlfpINWc6iFEoDEuAhiFO9DmBS1dGtDEhYArRixSNAdeYgJU1RmWEyWwoCT1Na9KdoyIT8SkLCS/w2cPcl9KaRkdH2h0LokqKQomhLmtDyDaGD4ZfE9MtX1tW1k6GpeFpijQIJGanCwqz68omDmUElhmNwfhAAAG1LmAnWhU/YXEYhgHUS6hYOQSwDUZn1L9oUx+IAGaiyk0f4QduZsdg3eCIw8xMwU4RmL3oElmN3JBeKvETcw+IZAClRoHISMzaBy7tQAHeFyW1SFm3VIbw60sCuoUlZz/APkUjU5qjo8WE9RloAKKhqkbsSOZrW9TeNeGhQQiwJcgsRccVHZiQ4NH7RCYFfrNUl5htTTTk7Q3ClSDGNdC0pZAKlfCo8AzKSUsCLJ0NKs5pFX4tgFLQsKUqrglyCCBTKHc315tFsuagKQGGapdbDKkjZ6lj1eD4mXdXCPiCSSwDAuQK7Hy5QPptdDNcVo5XHe/WESglI4mJBaychAcMQIvVIRLASlgOEJq9gB0BvEMNKAYkuEggvVnen0Nb1iGPUSE5+JyaVBbQgb6bCJTlSJZMspflugKxlK2pRQZ9SC3eo8o3IDBqmooEmo1trEJNBV2qwZ66RuWVEOkhLnmbAE9HY0iS/Qn+4XASVOFmnu12rW2R3arNXnrD2NWQSoElBAfW4Yk7FP2gXh+bIoLtxAOaFJLsTqwfpA585FQ5YFVKNqT592jp1xRZUlsFPUmWEWcl6PStCa8tN42iaxVmcKU9QOHMXA5a/IRJaHVxJGXKEJrd1Ahj8+0BT/UAqLnK1AWYN3PlTeIK+VoRyZLPnDKcFiQAllAEFwD0+UaEpEwHKQlQcAHfiF2Zx2gckHOljRZOYcxTqBQuLgiCTCEqYpTcHKUs9i6SKEO1ecHsO2tk87cCuEAZrs1SS+0aIy5wAXd1WIzZmcDRgxiSUgGrM6ksqpDAvU3S2h52ELy5S01LMQ5UTcEVo1GdozvsZOx1Syv9L2DqsTpqLvTpEveioWCHcFTjSrcv5gUicpCCzA0Z3NnAI6VPlCkzE2SojNZKrmjFjYgmn1jKSqwpot0SwoJJYkBgpzzcE3DAARkIIxJ92cxyqCqjrZ96D5xkNzQRyQqitACVZlA10qHdySBGkzBlKgOEOQKDSofW9TGkuQ78NDlUGPcbvoN4N7pVsoAu9AwOj3zdqOIsos0E6sLJSUyiSplEFid1B6C5DA+cCwqUDKMvFLSQCQzZmBKZZ4S7JY/mALQpRUMwLGuUMQNKEuxGrQ/hhMYozMkAuWJ1qxNG0h3eqBktNUDkyVKnLUuZmASARqdg1h8RrEMQv8ASQWJskiwY5U9d+/TWPkBKXzcRuBZWzN6HlGIQoZQeZKLudK6HiHaF3dBjdkjKqFEpzUDuCTmAICaOm+ws2sQnryniSkoCWDuXDEhiDS5d+cSUMqiakBOZ9DlFQ+pBhJeJK5K2NiXSoZnY0HPXygt0ZuiWHS0zJWxWSRoRxE7n4QE/uYHiGLZnAKi3MuWT/tpblEvEZZzIKQoZwEZhUbA5RdsyvKF8dNzFaQo5gpCWKdgpTtpqDziE46ElEDNUfeUJ00AYg2PIsR5xNMwEAZ6sDQcOZzX51gs+WCaMlksS/xM9Oxoxu8JYeYpCykgEsMqR3L8q05sYltOmTLeepOQPqkvUUoQodB9hFXOltLbMaqV8NrWY9WbeC4JYyIlqJLLWTzzEKDm4Dgk9YHiFEJ4qKClM9KskuNDSvnDSlbtegSdssUTB7s1DOEpFi7VNbNbzivVJCQkUAP6T1oAdCfxEls61AZiGXlJIYF1EilSmxHWEZmLCgA6nSdGUatWumsCTVbGe0NIlKBCisOXAD8nUT2EGRPUyEgJfiALB0qLV2ALsesLTcUguEglv1GrCr0saC+sYahBQ9ClRI6i/Ihx1ELtdA4tDmGxRKU5tyK1q2VWYdHguIUgKSsFaiokC6UgO1tep6whIUSpiQwDqPUEacm+UGVNBKUlSgHfUZmykOB6qYeMn0VhLwGWopJHE5cilB2uH+0Iz0DMlRrSjVdWjnQGgfdosJlXUxDCuYkEFwnW4o/RjAlTEghwSaBtC9NB1cGM4bC470akqOc0NgapcVG2n5MZEp6gQdmALcjofLnGRuKBYzMxpzJBU6iwIRX6WvQdDEpks585vVklTu+pOppptCOJTxFbGpOhYANsNXZted4cQywkhy4ASKbBIGWjMI6otPrspa8Ge+Wl6n4nD6OQGoYPMmFKLKzn4mIcWIT/ALXO0ACz71VHQmgysxyu5u5JYM79YxJUwmTKPXZVWckduW0aStUaUbCCWfeJXmoCQA93SHJqyRctsmCmYFgBKzlHG+WpzFk62NPMbQonEShMyrdkh3u7kMT1S77CIqmlKlqLcCAE7KSagvqKkQsWkn6FTVP9yyxZSlKZaSTdLmpc5bixGm9esUs2YQCAhLAqcjfQtuxv8qw1iJqlrBukDOH1Jqw6UHlC2GzMRQEubDkxY6cJHSFyNyaQsjFzFJHvEPmAoNATQudWew287JcwkzJgDl2SkOc1UhJbRnAPURTSsZlmJSuoUplXoonluT84Yw/iRllagDlzD3aE3IADhjoRQnnBj12BJUGm4RklBLK4XqLZnIfVT0ptCkqSSkFXCoG1DmSCS4I1DinMwedjfeVOUIJ4AHplSMxrWijyhXBrSmXVRJJJfyahakJLGl/AEkgfvMtSkhmsTpTWjV+cbTNlzG94Fh1cJLHI4Dt/jWqTtSFCTmcOXAADeevLzg00pQrKkUIJYkXYkhthmMSqnolxV6NzM0tMtBKXSmh0UkD4gXcuAa9jCkuaaEhm4SOQ+E/NokiapAR7zjCTnQhst7HkLBv3jUtDgFJbjIY6hyBTZwbQs9qvYY29EZa0u6SpqAgC4qARtW/OGpOIUeJagEgZcu5pfV3APTrADKAuSOXckhxcNygqUAV5UJZxuH1B7dYONvaY0W72MSJvEQkpFClJJ2ykHnZoNgpScoSSrgJJU4zKDio3pccusITykB7FbN2dTMTZnvvDEhCAxBylJKjc0oacn23iiQ6GkTAtXu5jcKk5VubGrEai4iSZiklaZiUqb4WFW7FiefMQqnLlzmjKsdK7j5cukTmTEkkD+1Lg0oKFXK/WkMpPyOmzUmYn/LK9cwyklt/30jcA96VEvU2sAKXoQa784yJtr0awuKmEggkkFqd4xFHbQpblUW2jIyOhALJayUmt2dqPbaDSUBnapJr5/mMjIZ9jeCqnoDqDX919oOKy1jTOzd4yMjn8SFj0xPxRZTLQpJY790fmI45RBDFr/wD5/MZGQ78gfZBY/qJ5JP1/YeUUqcSszJvEaM3Kum0ZGQsO/wCCa7LiUs1reYBybho1odX/APHCmDgCrB7pF+lIyMi0vBdeCvnJbMRSp/P1rBfEEBOUgMchr/xUfsPKNxkcsfyZzf7fyBxaeIdB+I1NDFTUZAI5HMqvzjUZAl2v3DEJiUD3LtVnfziEystHX7K/JjIyKjskUAlCSHF/+16G47RBU0iZQsykp7bRkZDRGh0h7DShxFquz94JMljO7VMtTnfrvGRkaPY8ROcHUAdUg994yMjIYRn/2Q=='),
(300005, 9003, 'working on some exciting new projects', 'data:image/jpeg;base64,/9j/4AAQSkZJRgABAQAAAQABAAD/2wCEAAkGBxISEhITEhMVEBUVEhUVFRUVEBAVFRUVFRUWFhUVFRUYHSggGBolGxUVITEhJSkrLi4uFx8zODUtNygtLisBCgoKBQUFDgUFDisZExkrKysrKysrKysrKysrKysrKysrKysrKysrKysrKysrKysrKysrKysrKysrKysrKysrK//AABEIAP0AxwMBIgACEQEDEQH/xAAcAAABBQEBAQAAAAAAAAAAAAAEAQIDBQYABwj/xAA8EAABAwMCBAQEBAUBCQEAAAABAAIRAwQhEjEFQVFhBiJxgRORobFCwdHwByMyYuFSU2Nyc3SCksLxNP/EABQBAQAAAAAAAAAAAAAAAAAAAAD/xAAUEQEAAAAAAAAAAAAAAAAAAAAA/9oADAMBAAIRAxEAPwDzwJYTlyBkLiE9dCCl4ncESBzx7BVrahCl4gfOUM1BOHatyVEGyfdTUKczJiBIH73SuZpMnczH1EoG02NH9Un0j8/VEUH0wZcCQO49ghHVTt0SR6oDi6lEw6fUH7oqwFGoyKgOomAQ8AD1G/IKuqW2ljXOxqc4Ac4bEn0yoqNQt/ZQXdzY0KOTU+I6PKwcz3wDHoPdVz2TJ+TRk/TAUIeJyB8vyVrZ3xiC2nSaRBd8MayOjUCcPuTBad8Dboji32Ve3B1NJEGZ1Zj6Qj6FUOxmREzn3lAwpCpazIUaCMroT0hCCOFwTikQNITCFKmuQRAJUq5BZpYSoulw6q4agwkdeSAJNqVA0STCS/qmmDLVn7u8c/f5cggguampxKi2SalNRZiTsNvVAxpK57kj3yU2UEjMo0gMaHHzAkjBjPSP0Qbc90V8AuAx9PsgZcEvAMyAIGIjsoDSKsaVk5o7Hfp/j1R1nasdiRP1+SCjpCNhJSPJySc8lpWcMa0nmTyjl1nohKfBCXHBIAJxnAEoKyxrvadQnHP7g9kVVraHNe2C07gbDqFe2fhUBoc/yggEOdMZHI7HtlAcQ4YAHBrtQHPP0jZAW06m+0hDEJnBa8sLTu0+8HZTvEFBEUieQmkIGlNUiaQgamlSQmEIGkLk5cg3fCvDgEOqDWfoPZXl1buDYAgQtPWpMaOSz/G72AYEIPL/ABNROpZ2tSwr/jdUucVS1ggrHDKIJGlo6ifuI+ihq7pC6Y7fqf1QOIHRIGrgO8lSUqJKA7h1sCVfU7X95QXB7Qg5WjpUwQEFfTtoRdLg7X/h9xgq6srHVGFpOGcKBAkIMvwzwuJGqo4jpDR9QFo7HgzWlzQyZ2JkkzG5MnGfphaSjwoKxtbMBBR0+CsYPKNPoG/cg/TqsN/ELhkU3VQJLRJmRIkTsQvYBarG/wAR7QCzuCRj4TkHhPBK0VOmrC0F1T2Kx9J5DgQtr/WwHqJ/VAAUhUhCRBHCSE+EiCMhNhSFJCCIpU4rkHqPDvFVG5GDofGWE55bHmFXccvRByvMriqWEFpIIyCJx7q2trqtXHnJZECdMF3cSgjvAC4yg61PCtGWLOcn1JVRxG4ayppbtGczDjJQV5t5dG31U1fhTg3U06gNxEFGWrQSecj85+yKuKrW6RBJOwB69eyDMmZVvwijKAuv6irrhDMILOiQE64402mIa0vPoY+fNQVWOEwEEalSQGgZIGfz6ILO38bVKZyzHoVpOD/xIpT/ADAW/VZSlwu7qVRT0Az+LSdIHXVzCbf+H6lJxa5od3DTHog9p4T4mpVgCxwcD7K5F+MLw7wzrp1A0SAT3+q9I4/Tq0rYPZJcdo6cz6/qgveJeL7a3xUqAO/0jJ+SwPjD+IDbmjXo06Jex1Nwc/VtI6Adis3wbw5c3dwddEtEkmpUY8tAgkb4J1Fuym8VC4tbaq14pBjnfBaabdO4JcY22kYPMoPOFsOD1ZogcxhY5aPw7V8rh6H8kBz2ppCmrDKjhAwhNIUhCQhBEUhCeQmwgYuToXIJbOzaQHuAc7cTy9EfCyruNVIDWw0AROnKEfdvO73H/uKDauiDO0LEXVYue53VxP1Tqd49oID3AEERJjKHQTW9w5hkHmrkkVA17eXL6wqBG8Ou9DgD/ScFA+4bLjiD0V1YEANVfxEDBBHsibR/lHZBq7GmHiFO/gGoGPsqewu9OZWo4bxAmEENjwa4p7VHBvST+qNfZkAy4z6rQWVbUBIBQXiJwYwnZBU2FkwPDu8r0mpRbWtmxuNl5xwh5ecAwvS+C0z8AzyQZOnwiqCWNqPY0nIk/LdZj+NNoKNnaU2/7ZxPsw/qvUa4A82JXin8aOLfFr0aQIPw2OcR0LyAJ9gg81V14df5iOo/yqVWXA3xUH77INPX5KGFLUTEDEhCfCQhBGQkKeQm6UDIXJSFyDJpE4tTUHLly5ByVIuQXVJoLWo+myFVWNTyeh/NWVpVCAqnhWtjVIIhAshGWzgg1/CLwmE7xhbvqUCWbiDHWOSpba7LOgVmzigLYLh38wQY+y8U1Lcg6Yjder+E/F5rtaxlIucd4GAOpJxCytrw+zqO89SmJ6kRK2nAhb24DW1qc5w142JJQSeI70UKT3vOGtLif0XzTxW/dXq1Kr/6nun05AfKF7D/ABj400W4ptcJqvjHNrcu/Se68TcgRF8NdFQQhFYcHpy8eo/f0QahwykTimkoGlIQnEpCEDCkhPhNIQMXJy5BlKQwo3BT0x5VFKCNcuSoEXLkqAmxqwSORRjX6T25KqBRbakhBdWt1PNH0LnZZmk8hWNvdA74QamWvbv8sIZlGg0+drv/ADcQo+HunmDlabhPC6dUw/t9UAtrS4YAC4uYe1Wrn1Eq8trGxq5ptnTmdVTHuSjqfhOzxqHpvPVB+JW07O3qinjy6Qf7jgY95QeXeOOJCtX0MzTojQzMyfxH1JWdLPZaVlhOQA3qeZJ5lCXHD8nMoKRrSrvh1HQO5/f6rra0HsP37owlvqgIoVuRREBAtePREUquY3QSLk5wTUCEJrgnppCBq5cVyDMDDEKSiLl2wQ7ggRcn0wpH00EIK6EieDKBrglYVIMhRMCCdr+qlY9QAJQEFrZXb2nH+VorHjbmDUZH+PRZbhzSXALX8LoBgL6kNAEn0QW9r4sGMHHY9BjKo/EPiA3TwBIpt7zJj7AYQXGuLOrRE06QnTOA6Dkzz9Vmri8P9LPKBj1QXtW+Y3dyFpXBqnyjSOp/IKroUZIJyVbVToZA3P25oEdVGw+fVNElR02qZgQPa2VM0Qm02qcBBPQfOCnEJtNPcEDEhToSIGFKuclQZHclQvOUTUEZQpQPpBFBqFpo+iJQA1mQmNKNuqWECUBhjSHNno7sevoUMRlOoVdJ+hHUdFNcUcAtyOX5tPcIC6FnKKo2I5iVPwtswPRWtO3CBlrb06Y1OgAbnp7qDiF6akahppxLKezn9C//AEgjluVJxAA6WxI6HAcds9WiQSOcATlA3WA5zt8oKusX1qgBMhuAPwtG8AckNd0wKhaOStuE0t3dc/mgGM1l7v7ifbZAVw2lmSo61XXUMcsfJEudopE9vqVX2u0oDNoU7Ah6XUqWgdRlAVTb6qZgykBgfvsnNQP1wp3DCAa/U+ByVo4Y9kAxCbCeQmoGuXJYXIMbVdKjU9VigCCRisLLMIN7YARVkgLr08KmrsgrSaJCrOI0MSgqUXZVw0kOy079v7h3CFK4FBseC20kD7bHuOyuOIUtAxuTAwT1PLlgrJ+HOMfBcNQls5jeMbem/wA1p/Ed02q/+WQ5opiI2JqQPoAfmgraWfN1iOeBsc9d/dV/EnT5e6tLgQPRVTG6nT3QG2zdNM9mql4Pgq9vPLQqH+1U/DWRAQO46Y0sHPzf4UdvSgJ3EhNcDo1o+6ZeVw3yhAyvUmGjmVaW7NICreH05Oo+ysnOjugeXJataBAyeQULSScf/ETb0cycnqgk4bbwJO53R1R2U1myQoGkZTXJ6a5AxIlXIMgRhQbJ9N6So3KCZ5MBS2TsqN+wXUTlBoLcyEy5p7ptk9FVWyEGXuqUEodW12zdVTkCtctbwOl/Jac+es4jfZgAx7k9VkFvLKjpoWo60nv5Z1POduyAW/fyUFqyAElwZKKoN2wgTig/lR1cJ+pVXSAD/dXPER5Gjv8A+v8AlUDnQ9AvFKmmqT/a1VuXulT8Uq6iPRR2jCTj5oLOgQAFI1s74SUaQHfv+ifVqQgcKkI+1HNU9MajPJXdFsNQSFIFGXJxcge07pCo6LsqUoGFclIXIMKp6WVE9sLmmEBNRNYU5plNjKC1sHq1OyorJ8K5oOkIKy/blUtTcrQcRYqKuBKCJeg1CNFuB+GzZ7El08zlefLf1XRomf8A8tLeeruvLKCnzqR1s1DVRDsIm1H3QP4mfI33+yyxfkrR8dqaabe8rJvcgc5up08lK5xw0KEPgIizp8ygtWYaEOAXmeQ+qkp0y7fA6dUSUHUGAIl9fkhmvlPbS5lA5pJT6tSMDKhc/kFJRYgntW81MV1IJxQNXLiuQY17ZCGIWi8RWPwqsgeV/mHY/iH76qkuKfNBEx8FE7oNTUaiAmg+Cre1qqllH2tSUB98yQs3dNhxWlflqz/EGwUAi3Vy6C3/AKej06dgFhVt74+Yf8ikeXTt2QQVM7qa2dt6odxyp7c7eqADxXUgUh/aVmnFaDxbvS/4XfdZ8BA+kJPVW9rRjf2CZY2mnJ3+yNptlA6J2T2W554UtMRiFJUcgg0hqRxJThTlSNACCOlRRbBCYxyegkYlKSlzSuQIuSSuQCcb4xbVqRaC4uGWHTs79IWf0yPZV6NtHyIQCvZCaEbdUpEhBIJ6b1PbugoNjoRAdsguqNSQqviLVPa1ky9yEFWtjf1Jee1KmN5/CO+NwsjSZJA6mFqbyRUqZ20t36NagZUOyJtig3u2RFJxCAXxZtS9D91UcKphzxq2CP8AFFSXUx0afuqilWhBrBQYcyn6GjuqLh12S4BWrqqCcx6KMlCOrqRj5QSueo31094xKg+BOSUCi7RdGqDzyghat7qa3oQRCCwpbJVzU0lBxXJq5Bh1LQfBUSc0oLVgkIG6owUXaPwpa9OQgp1LScm1WQUxpQG0nQpapkIem5ST1QRWDJqMHV7R8yFor6pNSudwapzIOxxtPTqqngrP59I/70cwMDJ9EUKkyf8AU95znmSgc0yiPiQgmOyn16mUAfHDLmn1Va1so7iLpA9SmWdKUBNjS05RNRxJwnUqCKYwBAAGFGUBCa9snCdMZKCSo+N/ZMY2VFSYXO1H2HQItzwwSfaECspqakPYff0Qdvdy4FwkdJPPqrBlzTPIj3J+6DnJqUVmHqP33T6bGu2cPTKCIpEQ+1I2LT7/AKhcgw1WlCjRNN07qGs2CgIszuj2EHCrbbdHc0DLmhKrXsIV0ELdUggCoHKIcUIN0Qg1nAaNMWdas86CHnQTnU4NdAjpgD3VGBDWjnCOr0g23EE5Y0xOJL28kJX5egQRUzlJUekUVRBBculFWlXShKoTS7CC8t7kE7+yOdR1DCyzKpVraXrgIQEFhacpSJMn2T2O1ZK6oUC0Nz1jCjZRc4yfmmUnkOBRRrFBPTtwMFBXzNDgAfK7I9sEKd1UwSheJvPw6Z56j9kCfG/e6fRqlVusqZryguKVwRufsuVe15hcg//Z'),
(300006, 9004, 'just finished this book', 'data:image/jpeg;base64,/9j/4AAQSkZJRgABAQAAAQABAAD/2wCEAAoHCBYWFRgWFhYZGRgaGh0eHBwcGRwfHhwhHB4hIxweHBwhIS4lHx4rHyEcJzgnKy8xNTU1GiQ7QDs0Py40NTEBDAwMEA8QHhISHjQrJSs0NDQ0NDQ0NDQ0NDQ0NDQ0NDQ0NDQ0NDQ0NDQ0NDQ0NDQ0NDQ0NDQ0NDQ0NDQ0NDQ0NP/AABEIAQMAwgMBIgACEQEDEQH/xAAbAAACAgMBAAAAAAAAAAAAAAAEBQMGAAECB//EAEQQAAIAAwUEBwUGBAYBBQEAAAECAAMRBBIhMUEFUWFxBiIygZGhwRNSsdHwFEJicpLhBxWCoiMzssLS8RZDc4OT4iT/xAAYAQADAQEAAAAAAAAAAAAAAAAAAQIDBP/EACMRAAICAgEEAwEBAAAAAAAAAAABAhESITEDMkFRYXGBIhP/2gAMAwEAAhEDEQA/APNjMUDQeUdJLdxVRRfebAd2piew7GxDTKHctf8AUd3D/qDbWxpTLQDSMdG9MXy7MMr1aZ0wEMLEEOF2oXDh4QLMa6LvHDiYZ2ayhFwNdSd517oTZSiEWauT4qcCDuhbbEVHZLuRw4g4g+Ed2as98XuIGpgKk7yNBHp9j6H2CYmN92Apf9ob3Og6vcRCihSaR5QrbkiVH0u48BDTpZsY2OYED30cEo1ADhmGAwqKjnWELWljr4QxBgoMyQeY+UdGcm8k8hjGWSxVoXJA90drvJwHnFqsO1hKqJEtJQ3hbzn8ztVjr4wnJIag2JrNsW0v2LLOPEoVHi1BBUzoxaUUu6S5YHvzVryohOMMpm2JjZzCa8YWWy1g9pie+FkX/k/YuFmYnrOi/lUt8aQRKsqDOYxw0AX5xAbUtSMSdwFTHYLtkhFNWIXyOPlBkwxSJnloK0QHixJrThlHKWo5VAGgAoPKIlkzDm6jgAT3aYxr+Wg5sx7/AEEJjSQV9slgYsIz+by9AW5KTHEvZSDd5ROvsU7TquulYmkVbO02oSOpKb+rAep8o3NtU05XF5KT5kj4QPP21Z0FA5Y7hHaI8yhYXFOQ++edez8eUFE2RS78x7is8xvdU3acSRS6OJwhpJ2RIlkNOImP7i1uA/iY4v5DPONSRcW4lFFammBPEnM98SpJwqYd0PG+SW12t2CqTRRkq0CgflGERSZd707ox+saDLXlBCMAK5AQrHVAlODeEZG/tojcFjKrZJt5yNIi2jX2iLpQsfgPWOFsk+zG9NluqnJ6G4d1Hyjm2bQUgUxY4CNEqZm5Jo3Y5N5y57KmijjTE+njBm05tyVxbAesRWI3QBAu2Jt50WuS5cScfSEtsHpHeyXAoN8W3Z1rdGF1iPrdFVsOxrSSGWRMpneZCi/qag84uexNisKPPmog91TffDl1fMwpJ2OLVbDds9HHtskOjVmISShPaw+6dDw14RT7J0ctbMVSzPuJoAMMwXagHKsekJtqRJqJaMT7zHH5eUDWnpTMbJad5+vrvislWycZXpCKx9BLYKFvZAagvj5AjziS3dELYDRJaPxExB8SDE52taMTfIBjF2raAQwc+kRcS0p/AqfonahjMVxvCIWp/Vlv0hbabGkrto1Rq9fhgPKLtZukk9T1iCOUMH6WMBihI5w/5E8vKPKH2mFwQgcFAHkI4W0zj2Uc/wBJpHom0OkLTFZWlrjkdR3xWZ8hjiCYdoKkJVef7oX8xHmK1jZ9oe1MpwUephg9mbWFtskka074Wgp+QpLCpxJLfmY/OkcvZkGSqG0pn4Qvssuc5ojGgzbQd+p4Q82ds+5U3i7n75/27hA9An6O9n7OVeuwW/pl1f34w1s0gDGF860qhCFgDrEr7RUCoYcMYQ0hiaDExDMmaCFk3ayD73zgd9qMcEXvbLwH7QqKHLTAop3nuhfa9opkWw3DH4Qs+zu5q7k10yHhBMjZ64YQhbNfzBPcbwEZBX2ThGQD2XHau2RLDSkKsMhWhqula57ordh6KWOeSzu0l9yXQv6SCKflpCnpAWKI6nroTrmDv+tIm2VtIOg0YYHnGmTWyMU9eSzbM/h7IUkvPM4V6qD/AAxTcxBZieREE2+yz7MD9nsyItO1LVXY827Z74RLamU3lYg8/SJJ/SGdduk8KwZJixa+RZM6TM7UmF2oda/DSCpO2ZWoYf0N6CKta2F4k55xPY7UpNDEtFJ+CxTttyBjf8j8oj/8gknsktyUn0gIyVOsb9ggzI+uMLRWwo7aJ7KMeJovxiF9rTTUhFp+avwGcYHQZnxMaNvkqe0o7xDCyIbXn17C+fyjcza1pyup5xMdsWbVlETytqWY4+0Txg/CbXsWfbLScQE76ikaNptO5KYanywh8ltspzmoNc4yZtGyqP8AMU8sfhB+A/sRXLQw6xUflBPmTE8jZZJq1XP4qHyGETv0ksymiI7toAucSpb5z/cWUv6n/wCK+fKHsVoKl2MIOsQAMBWnlhnG3mAYLgN+vhA17XEneTU/tyGEckwgsGtViR1YEYnG996uhr9YYRUbQjo5R8CN2RGhHAxc3cDM0gTaWz1nJgReGKN6HgYcXXJDEtkmKBSGcqam8RXLjKxVhRgaEboJk0OZhuJcZFh+2oubDxjlttheyhPHIQDKaUM6QSsyWcgD3RFFbZr+fzfcXzjUd0l+7G4LQU/YHaNoh1hO88o19DQ6jfF9b+GBrRbah3VkkfBzA1r/AIasqk/bENN8th53jGyikYuVlfsW3q9qGi29HGcLU6CWp2pLW/uYAqh/qagh7YP4YWmlZ1plSuC3nI59kV5EwnBPgF1GuRBb7pxEKHw1j0N+hFmQde1M7cFAHkSad8K32VJRqIA1MmIqfPH/AKhaRW5cFZlWmcRRakfWuUSGTP8AvELzPyh/NlncD4RAks0yI+HhCtDxYpTZ5PacnkKfGJl2SudCeZJ8qw0kod31vif2TboWRWIqWyov3V7hSJJcpOEGtYb2BgG17NdOtiVBq13OmtONKwrsKo5ndq6qkncBU/XGJ5OyHbt9Ubhie85DziyjZyyiVUCmYPvDQ11geaHvUVRTjkcM66Y1WmJGBpFJGTkByLKksdUBd51PMnGO5cyrUANN/wBciPDeDE7oqgX+uQdBiNSaVJpQE8hGXHyUKF0IwFNKYEcMjkNGwdCyI5rhaYEk1NBnQZ888s4hZmfsUA94135jfhiN9c95q2cAUOONRXQ889THZSCgtgSWYVqanHXjmOI4HcIlCxNdiIzkDhCaORUDeOHgfCJphYu2xsr2q3loHGR0Ye6fQ6RUDfBIYEEGhBzEejhYU7d2P7UX0H+IB+sDQ8dx7uVxYFSQHdE6ziNIgViDQ4EYUOlMweMd5wmUmT/bjuMZHHsxGoKQ7Z7TLsSJQzrQxJ0TAcqmpOuggfaO1ZEo9RFY6MxLHxNad0VtCXNWJNd8SNIqDSIy9FYe2HP0kmnEGn14Qstm15j5sTyiH7Oa4iO0s5EK2WopAovHOvGMmzAo3mCpzBRjSApUsuamoEIZzIVnzgtJJBiQ2hEwI/eFdt23SoVYfIcDZUTIgV35UiFpwBIrFdfa7nCkDT5sw4kw8WTkiyzbeu8V5wP7SacQ6ngR6xXRLcjEmMR5iZEw8RZF92HPeYhlPS+g6hB7SaU5Zdw3xJNQkEA0O/dFMsu2piMrhTeU1GBx3g8CI9AkAT0SbLFRMGWobUEaHPwMUjKaXgXSrGoz6x3mmepplWuPMneY080aAtmMMRUCtDTKGdq2U4W89QuoB46/Wu+BVlhRQZRRkCoGOLAAaDdzO+ObQ9xGalboJpyEFEQo2na5iNdREYEZF+tQ71JHHKsIqySXtBGQuDgMxqCchSEG0rchmLMNFYUu4mvVJIJA4nlEtmsjqWLy2RGwGINCT1ajMgb6HCsczdmI7AAo50oy+FKg04GJkmn8fBcHFrdX8hsvaU5rqoqsT+E+OdKQ8lyzQVNTTE6VhBa7HOkBXTSoN1bxXnUZU4Qw2LtYTao9A43ZMN4GhGo+g4p1sUmr0CdINhe0HtJY64zHvgf7vjlupUUrupzw8o9QIivdIdiX6zJY6/3l9/iPxfGGCZWLn4vL94yIa8YyFso9BZwsCm2Gv7wjba1cMo39vAoYyxZtkh2s2uZiU2ggZ949YrzbR3CojuXtFTrQaw6YZIb4uYIUBRjCuXtNFOJ74lmbWBGFKGCh2iO2TC2AHl6wL9lwyxMGC1JTHOIftQY7hDE6AVkkGgFe6CksNcCMe76pBkpqC8qM43ihy3AnGMlbVRsoLZKo39iFKAADhEcyyDcKxK1sXfSIXto5wtlaIGkqulO+GnR7bAlTQhrcc7+yw15GgHMLxhJPtAxJMCo+BLUxw7oaIlT0e1GkxCK4kf8ARiqzFoaQF0K6RXj7F2q47JP3huPH61iy7Q2cSb6CoONI0uzmaxdCSkIOkM+Seo14uMrgBIro1SBjurWLUlhcmgQ15RTp1jdHU3DeZ+1gxUnGrHQ/KBtRLjHINs6TUEsOFooIV+0qlqBLwqCDmtRUdbOENptILkPKCkGjXCVNdcDUHyrDddlmWwZGWjm60qtCwOBCrqCDhuMNpaowpNSpFQrOikuFwrhXEa+OuFJpq0RJU6ZmypdEBWYXQiq1GI4V9NKQaVhXa9pypAuImJxuqLq461pTHgIHsm2Jsw0SWpGuJoObZCCnyFjkiNR2oNBWgOtMR3GgjVIkohMhfdT9I+UZE1IyADzG4RmIkRo9J6ddFlQe3lAXD2lH3TvHCPOHUK0JmiZp9KRGbO1c4LQjdHSm8aAEHX5k6CCx0AFQMzG/bUyg0SE1q53VIUc6dZu6kMbDJS8t+UlzCtwsGprQ3zQ8DX5O0Kn4EstnJxYLXVifgKmGa2eSBV501+EuWF/ucxYbV0VuC/KYPKfsNqPwv+LjkaHAGoACWMoSSBlqK+REGgVslsG35aJcSzzKKKKS6k9+7zzisNZ5jOz0AvMxoDUC8SaRY1shc3VQljhdUVPcBjFgsHRdUCme4RfdqC54HQfWEFiqigpZZpoACScgMSeQi3bD/h/aZlHnN7BNxF5z/Rhd7zXhFus20LNJFJEoAjC/TrcesRWCJW23rUDDjCuI6l4F6dC9ny+2Hdhq7kY8kuxzadm7MAxkLr956jvvZ7uUO3tUmeP8VMd9Sp8QawvtfRuzTBS/OSuocYfrBg+hfdnme1bGiTi9nJShqmJw/aPSeiu2BPlqxwOTD3WGY5aiK7tnoGyqXkWksQCbk1QC3Jlp8DFW2DtZ7NPpMUhGNH9GHKHtCkoyWj20Qq2rs5XRiiC/Tq40FTqdMM+6DLFaA6hga4Z7wciIkmthFNJrZim4vR53tXZbSE9o73nZrtRWgqDrmTQU0oKwRZrM32dFaquASp1U1JXyNCN1RDTpHN6mEwIa9XqhiTuUUJr+XGK3syzWqpLuVU+8b781BwU8+8Q70NLYFtmW0xEn3eq6LeHun5Y0rwifZuxBRJqTXQkVyB5jSorviwpLAUKBgBQDgBSkcLdQBQKDRQO/AeMK9Do7pETzAMMzuGcd3Wbeo3DPx07ojecqZfXMxLdFJN8GXn9wfq/aMgP+aj3l8IyFkisGehTgJlndG1U5/WceRpsWjsXGp5CPaSquKqQCfA84q+2NhvjdU46qK+QhyuioY3s88tUtVGC4iIJtlcEIVK1RXf8ArUMoPAKy97HhFltOzQuDmh1+jDyXstbRLBRQrm4GZwwDCWgVLpAPVIAJ4gboiJctbKHJ2dQVphu+hETS2LGn7Re7R0WmXSSwY6IjDzrQnDSkI7Rsm0Co9i6AfeKGp/L84GmClHwNuhjOEmZMnVBQ4qc71d2neBuje2tjIJzMJglyCitRiWcMSQyIK9mgGLHAnXRFs+xWmQWZUnEuMQAxBpkSqj4wDtS02g1LI9TqwI8jl3w71RNf1dljTaySlKWdblc3Jq7c29BhC+1bYUmrvVvE+AioP7Z6404Zn5UjlNnOR1mPIGg8vnCr2yk64RYp3SALgl1eLnH9Ix8oDmbbY5zpjcEUIOVWNe/HlAFh2eGa4iM7e6qFj30yi2WDom90u6KigEm8wrgK5LXzgpLhBb8sT2XbM5QRLW7XVi7v+snD+kLE6bbtQ7QvDiPnF52HsOU6ByDQkilBphnDuVsOzj/0wfzVPll5QKMmS5xR55YelrJ1XSinMUw8sRBdv6OpapbTZTDKt1qhw2oqcKUqQdco9Is1mROwiJ+VQPgIHt2zUdmmULEoVZK9VwaZ8cBjpic4tRaIfUTekeedC9rNLVpE04ywWRveQZjmN3LfFltNqmOOr/hqdWALnkuS8zU/hEedbZZ5M4opqO1KcjtIwwrxGKniDFssG1ROS8MCO0PXx8+YgUqFKKe0SMigkipY5sxqx793AUHCInmAZ57hifCMmAnUjlEZZUHHz7zBYkvRsXmHuj+7v0EbLqvPf8zC237XRMzjoozPdu54RX7Tb5k3CtxdwOJ5t8qRLlfBpGHscbS2+iVWtT7q+v7xWrbtOZMwqVXcpx7z8oxbJTQd0TS5A3Qi6Ff2Th5RkOfZjd5GMirYqPQdkdIEUg3wV4n4GLTK2wGvBaG7SveK0GOkeW9DNmh7Ss1qFUDtdoKEhaCo1oWB5gRbdjObjHe3oPnEqTWiJJPY+tVuvUqqEjIkYjfQnKIftzYAUA5CFlqtQUcaYCueXA7xECWxs7uHJzy+5FbIHqTidYKkisI5FobI0GNOzvyzYQys887xjuuefX5RSIY4kWdfdHhGrfsOTOW6wI4qcRyrURqzTfxD+3/lB6Ofr9qxaSfIlJrg8E22xkWl5NL1GIU7wDTGG1j2QrgM9W/Dko9T3+ERdP5AFvqBm5/uCt6+cPJTNcooyHPyqB4kRg1TpHRk2iSwSVQgKAoGgAA8BDPadrVJTC8LzUFMyanHCEgUhhfenAmpNdLooPJoNnyFZLmO/EhFwHu4V/TviorRnJ7Cth7eloglubpBal4gA1JO+te7dDV+kUlR2wdwVWPxujziuy9hNQEsqLhgF+F4ph3Q6sWxpCC8wdzrewA5UCrTj5xSsl0dr0hZ6+yku/PADuUH4xuVbbVevPLVZeN4DtXaYkdYkkZ0pjSGKWha0Cgd4J/tqAO+OJ8+mMD+wT+DzzbVnR5z2ZyFYMZklvdJIvoN6ntADdXQRXNm24yZ4LYKSQ688D6eAgrp8rraCQaBbjS2GBAFBSu8ZclEJrQDPUuP8wDrqPvj3lG8DMcKjWJo1TLHbukqLgtWO4epitW/bc9zReovDPx07oEs6CCxZwYKSK8EFnthHaHfDFLQCKxCLBURuXZGGFIMbKUmjt54rWIxaCSAoqTkILlbMri5Kjz+QhrIkSpagBOqaBnxrjvOorX6yFETkxV9gf30/WYyH/8A4/LOPtM8fHvjIdEWS9FWpKd8qqw/uUf7Yd2BqS6b2J+Hyiu7CNJA4g+bNFhs4pLH1qYxXI5cEFvmCmN7I0IaniLwBjUiUTmgPMJ3HG951iO0uMBTHka04EKYyz1OBv4/+4NdcV47o1Rmx1YrK2Bw8VGWXZQaQ4kI1KVHi3zEV+xkDOlCa5JpnW85htZmWmakClOx44A5gCKRDHtnU7/9XzgxUP1+4hXZJmlcKcNMPcpDGW+GJ8x8hFok86/iTYP/AOmzPTtsF7wD6AR2bNdWgrgvIgYZ0pQd6CHHT6Xe+yMRlaB4FG+QiHaCHInHTU5HIUJ8AOcZy7maJ6QhRTeqAaHOm/XIgHKvaaGcqSQBVlXfoO8Ldr3kwvDGuBNczStTjgSBebLDEjLwLlCl2hxrU0NWyGdA7VphmK04wkDHkgpmCzZdgf7lA3amCTUVogroWbHxAYwsFqemLXd1Lq55DrFmrn93SJJ9tYCuQFdMed52UbtIqyaDZsxsOsoAOQXTdWvpCq32vQQDbLaxXBi1QDgxNN46igU74iL3sTCbKjEV9I7IJsl64sqkqeIFad8VTZKqQMxuYH6pF7mjSPN7OWR2TVGK+BgNI+g637OI6wpjjeGCn8wHYPHLlARR1wIPz4jeIsVntAIFcPIR1Msqns4HdSoPNcq8RjByG0xFJtVIZWe1g0NMj+2e/GIZtklmtaowz+8OdDmOI8ICmWdqEpR1GZTEj8y9oeEFUUnZZpbq1Acd2OBHzhjZbKK5MUIxJAIxp2gPrLLSkWG11IRmoK9U+6flFw2NtMqQj6ZjQg5nzMSnRUla0Hfyqz75g4BzQcBGQ89lLON9cce1vjIoy2U/ZKf4aD8CnxBPrDy/1QNw+cLLClAo3Ig8FEHufSMFyXIFtLAnI1oMcKa5gsBrHEkpXNQf/irxP3q1pHFqIvnKtAM0rwzUtnQRLZnrUG9woZh1r92WMY2XBmxrZJlMq6DAnvpdQUzB+UNbMxqe13+0560GkJLODU4HAjMOcNaFnHMGGdkQ+4eHVTPXNj9CGjNoeWWvwzDVHOr1hlKY8f7vQmFVkln3cOSY8ct0NJSHd/p+UaIkr/Tv/LkHdaE8ww3CB7eBTSmu6vGpC/HOCOn4pZkNKUnyv9VN8D2kfDvoRpSrb8rowjOXcaLtQgnJUiuWWIwANNGurwwUwUtbtcaUxqGIxplUomB/6gabRWrkScRXE8ML7nGmFRnHdaEVPjQHLDrOWe9SmmkCBjCXNNDSuNMBXCuND7NQBQUxvGBps8A5hTjh1AcaYihd60G8ZREzkitLwFMDeauFCKuVUajAboFnOaXQaj8JOWQostAKcKwAkQzmJGKk1xNQSPF2A8u6C7GRcFNKjCmHDq4QI8umGXci94vljlwgmwPUEE1xrWpOByxugeEJ8Fokn5RQNtpctL/iAbxFD5iPQZi4GKV0ws4vy2rSoK18CISGuTmxtl6QzkYjf8Dv5H5QnsNhJFRMpzAMOLMkxTjRgNVOPeIcWXJC7bq4Bh2sjTdFfViCCCQRkQSCORGUXHa0kOuAx7/hn4RVpkihhshBlltUub1LRRWPZnqMVOntFFA67zmN8MZYeW/sJoCzFoUatQ4PZZW+8pGR1yOIIhKLKTD2w2ZrTJNmYH20oF7M2rAYvJrxzXcRoKwmrKToJ+0n3PrwjIrg2pM97yjIimXki9yjRj3DyEHvZzgTrQ+IhbL7R/NFsmyBQDdExVmcnRWLcjKai9Xd1yMvdWOBMcg+XUOu4l6VrTwMG7Us11g4U1xxpXhXFhTzgH7Swz417ArX+o0z8vGyQ+zz3zKE8eoNK0peJrXCGtitDk9gDm49AYrUmcaUv13ddBXwU1zHjDCwWm8aV/vc7/dQcfrCKREkXCys+5f1H5Q1kltw8T8ormzyaCtT/wDYfCvCHkjTP9L/ADjRGbE/8QQTY2wymSjnucQHNxXDcDqdBmBQfqPpB/TkVsM2ul05HRhvhY56iE0pdB0woPxG6OdKxnLuNYp4/ommnGgxzwWpG7spRd+ZiMsFqKgbwCqnWuCAtjz0GUSWl6mvaHew7iSqD9or+39trJKpRmrQkK4UBdCAozOdK6ZwWUotjV52pFMMCVANaUBvTCT5RwXvYdoY++/iAAvpCuxWoNRlpjSjURa4aliTl8DDBHvY9rdS+4pieC1gBqiRiFGdz9CfC80EWGZidaiv32/uYAdwppEF4jEm7qasiDvpVt8d2dzfGuOYvvn+I0AgYB5EVTplL6iHc/pFsMIOlkusn+oeYIiUUuRFYrOSooD3QYkp17LnDQ499dM/jEfRmYSmeIzBxGENDtNB2lIOtPlCumaaaJLC8wkXpYdTgaEE66GldINOxbPNatx0YH3SFPBgfmMo4sO1pGhocOB45+m+HVm2ulCa9YZAjPvBJrTllFpozafoh2fYrOswS3QS3PZNMH8aUMPLR0cV7rIQroaqwFMRlWJZc2TPS69CDoTkabzkc46k2lpBCTTVCQEmY9yuaZ8dYpJENsUzuiFndizyOsxJamVSamnCsZFvvD6MZFYojJnmmz0vMv4n+Ji7OkVPo8lZksca+ArFydYw6a0adR7KttWyi8WAUk1xAlg6ilWOOcLZzqq5JhnVkHjSLFbkQGoIAqKkFBjWuNRmQPjCyeaffyJBBdBjiADdTA1+EW0QmBozjILT8534ZLuiazu4bC7Sv4j8ojkSL8xELEXwxBV3agWgqRQbwK84ltGy3ltd6pyzZyD51zP1SJumaqLcbLNYS51X9J/5codyA28fp/eKvsqQRShQbqI3q+7CLB7UopYkHcLtMTkM41T0YNbo426xaW0sBXYgGjDq4Gorn4RUNsTGkSCZji+7qFAbWtWNSM7obL1h+16pYvWpqcI826TbXM60gqepLqq0IALV6xrjup3cYxk7dnZ01jGkGi1A9d8QBUkhmBpoGfDHgIpm00E6YXYnHdlh8If7RF1Aleu1C2JNPdGOtM+cV8ob12v13QJuylFJbGeyVuiuI49Vf7jjl6w7SYDkQcN7vpoBRdNIS2BABWnPqAY4UoXPI90TW+3FFJ7QGvtDrgMAANfOKMWm2Oln3TkRVtAiDHfWrV88IlkzEPWJvUpS67v5AAabtIqWxbezvSlDvULv/FlnqT87MjgLQthTCsyhxoaAIPhoYZNUOjCzbsu9JflXwMGBSyrda6KY0Gfjjp5x1PS8pG8RIyldFnpMdONfGH83YYdqg0r4RV0rKtI50Pcf3j0nZyXuII0zgW2OTpFftHRFwhYMDSFJsjpQYgg6Vj0J5hTqmohJaULMTvipJERkxClodRgxw4mGWxtrTWdlmNWTLRncHUJiBuNTQZR01lrpHL2cCXMAFL5RTyBLfFR4xK0W3aA26YzCSeuK40BWgrujIj+xy/cb9f8A+YyHsNei19F064O5CfT1i0O4NaHHnCDosuLH8AHia+kO5iAVIHWocQBU+OGe+CHaZdTkXtSpFbgCjCsvTWmJGflA09peNZxzGF9eYwAghnY1rfrliZQIpqKfXlFe2ztAvMEtXN0GrddaEgVpQDEAAGnHhFN0hQjboslgsaV9qBVyoFSSSFzCipwELNqzEdySGNMMA5yyIAwhzsiyXZai8ThnC60y5ed5jl95/nGSTrZ1NpOkasNwUNxv0Pw3/WBg6fMDEBQFAzwpj+w+JhHa3ly0LKOtSi1L+NCdB8YUWDa7nDdWmBHKCUq0T0+lk8i27UtDLKcriwRiOFATUx5pstlSSkwmrUNAdTvPKPQLI5ezWmY2ZR0XhRak14kgf0x5lbDgqL2FAHhv3E74H4NI8tejt5xYliYFltiTWlfxUwHLGNMx7IzMYoIN0HHIUAENBK+AoOMhSv5Cd33mMR2ijYaZHjzieXLCClak5kn6wjcmylmAGZhSkOENbO9kWBVJN3uKl/D61iy2aW291pwRQeFACaYcM/DqyWa6oAGUGLL+qQKRnNK9GSloKcTma5x0oqaRoCkTWZMQYLJopnS2x+ztAOho3cf3i29GrSbikZiAv4i2b/KcDNCP0kH1jXRpjdpwh3TFzE9CElJyUdcfPuMLZ/RVvuuKaVHxjdh2iaBLtSNYai3EU4xuqZz7iV6d0YnjIo3I0+MLJmz5vYuMWVmvACtOqlK/WsXS025hRUFXbIbvxHgIH2TOue0V2x9oak5nqrnCcUNSZUP5Y/uN+loyPQPtSe8vj+8ZBggzZWOjaURzvIHgP3hpMegrQnLACpxMAbDwTmT6QezAAsTQAVJ3AZxnHtHLcmV/b9raWvVDX3rTqJUDeCdcqVirWe8CSQ1KahKDh1cdfKGG07YZjl9MgNwGQ+t8RyUrhwMZylZ0dONVZdNi2m+i6YCIrRZiK3i1PznGnpAPRa09QruJETdJ9pqgVD2nGAGtILqNluNzpFZ2qVJJN4jIAuxw8eHnChpyoCVwiba9pp1a468zCJ2Z2ABpTEndSJW9s11HSHFt2j1EQYXV7yzGrE8sF7jChUxrGTxfdLwNxcOqVDYcxjmc/SILXaCAVCmu+hy+f1WKJWrbIZzgknuGMSWaVTrZV8hEFjQM1WNAN+sNHSHJ1oIrJ2Do9Tr6xY9kWagvHM5corU6cEI6t4nJa0wGpNMINkdIphe4qIABuY077wHlE02XJ1ouaCJIU/aXvL1uqRiKD40rEdvluK9ZiDl1jCsycRw7AZkDmafGO02jITOancb3ktYqDSwNIkk2ctgBFJkuK9j3pRtiRaJaIhYsjGpuMBQimbAcI42MLoHKFb2cLB+z2oBAKklSLHJmlWDCHlpmqqXwcM6cd0VuU1RBtla+brt1V7I0vaE76RrF+DCUfI02Y5BLMauaVBzUaKOFImCKzTsKm8rjfRkUfFWhbMnBM8CMM90CWbbdJuGoKHiQap51H9cXklyRi3wG/a/wD67oyI//ACVfdXxjILXsWL9CmybadEChBTiDr3xzbdsM6FGugHOmFe8nKKKQxzdzzZj8TEcxABS7HNvizqxjzRZzNl51X9URnaUpdfAMfSkKLBakAuuIay0ltuhUVYx2ParkxwTQVgXb02/aiwNQFXly8YXbQnBCTTEkYxzZnLEk5kQr0b+bF9vmX3ujfG5qBFujvMTWWR1yxjLYnmYdixtgKYRJe8dOA1744Kx0yGkUmJp8HDS1YgEVAp5GsST5yotTXIUBBBauVK5g743KWghdtO0tNmhSxa4AMTXTLkBQeMJf0y+1aNAE1dszBGxQtTXtMfIZCOZg6sbsUqgDaw07RM9UW6YvVUiDpADpQwt2Vaqi60M5ICthEkMPsHR1XXtUOmGHfDB9irZ5DmgLkUvbgSMBE+wptGu6GH1vst+U6DVcOYxEdMUmjilJqVHk85KtEsjCkdiWPaFGwOnODzY6iuvrGVG+RuzPHc+cUxG6B/YkHCObY/VFYVhVkW0NqVXGtQM6wle0HtAwXapdcoUP1eUHI0khn9pBxIBJxJocSc9YyE9/jGQWwpG7PlBxQEZRuMgYxbMWhiSzORrGRkIBhtXJfrWOJHb/AKfSMjIg3NjARq1achGRkIuIIsdnKMjIGOJi+kV2y4zG/MfjGRkaQ4ZM+5DKfpz9IOk9mNRkJCnyGWeHVm0jIyF5M3wWCwYFe6LvZuyIyMjo6XBx9Xk806aoFtJuimOnKJ7K5KjHSNRkKXcXHtRK2sLrb2DzjIyM2aIgsmanjEPSqSoYEACqAnid8bjIpcEy7kVOMjIyEUf/2Q=='),
(596116, 9009, 'calligraphy', 'data:image/jpeg;base64,/9j/4AAQSkZJRgABAQAAAQABAAD/2wCEAAkGBw8PDxAPDw8PDw0PDQ8NDQ0PDw8NDw0OFREWFhURFRUYHSggGBolHRUVITEhJSkrLi4uFx8zOjMtOCgtLisBCgoKDg0OFRAPFy0dHR0tLS8rLSsrLSsrMi0tKy0tKy0tLSstKy0tLys4LSs3LS0tLS0tLTItKy04LS0rNy0rLf/AABEIALcBEwMBIgACEQEDEQH/xAAbAAACAgMBAAAAAAAAAAAAAAABAgADBAUHBv/EADYQAAIBAwIEBQIEBQQDAAAAAAABAgMEERIhBQYxQRMiUWFxMpEjQlKBBxShwdEzQ2KxgpLw/8QAGAEBAQEBAQAAAAAAAAAAAAAAAAECAwT/xAAiEQEBAAICAwACAwEAAAAAAAAAAQIREjEDIUFRYROBkQT/2gAMAwEAAhEDEQA/AOZoIiCdHE6GRWhkyKcZMryHJF2tTCUqQ6YNrCZEyTIXZ9Q6ZSNEi7XJgYqDkKVoKQzIEFIgcitkUcEFciZAIGiILAUjQQMBWgYHDCm30G9HG1XgVxLZRwIy7SwmCYCDJWQcSt00WNgyBjypiOJktitIu0YxC900Qu00gcEGRAqHQBooKmCJDYG0kXREg4LMC4BpNgpIXAUgDgKAhoxyFEmD0lHkm+nTVRUlhrKjqWo0l9aVKEtFaEqcvSSwRrTHSI0FNFkKcn0jJ/CbCKkw4M+jwi4n9NKX7rBsbblG6n1Sj87k3Fkrz+kKR7O25EqP65v9kbS25FpL6sy+Sco1wrnOR4UZy6Rk/wBmdXt+VLeH5F9jYUuD0Y9IL7E5NcP241KzqrrTl9ilvHXY7dPh1JrGlfY8Fz9w+hShqilGXt3EqXHU3HhK1xjoZNtfwUcNb+pqm8inS4Sz25Y+W43cbHxdUvYswjHoLYuJrS8thJCNDMVlQGhRmwBCtAaGYrKgYIQgQyiHBEw5ChgiGyTWgBkaMh6VvUn9FOcviLNhbcuXlTpRa95bEWb+MBEwelteRbqX1SjH+pt7b+Hq/wByrJ+y2M7jcxv4eCZEs9Mv4WTqdryNax6xcn7s29twC3p/TTj9icl/jrj1GxrS+mlN/wDi0Z8eBXcV4nhtacPf2OwQs4R6RS/YrvoR0PZdCXJqeObeS4Vz3Vt4KNeDaisZPIc08zwv62uVPEUtMfXBseYLl6Jw8PO+FJLseFkv2Hh33T/oslkjZUqcW06c9+uGe25f4/SppRuKKWNvEitSObrKMijfVId8+z3O2WMrhh5Li7vw7iFpVS8OcH7bZNpGMe2DgdtxVZTacX+qLwz0nC+abiGPDrKov0VOv3OV8d+O88srrWAHjrHnmOyr05Q/5LzRPRWXGLeus06sX7ZWTHXbffTPFYcldWaSbfRAYnEryNGEpyeElk4rzPxmV3Wbz+HF4ivX3N7z9zI6s3b0n5U/O139jxUtjphj9cfLn8hZEijM4bYSrTSSNvxLlmrRgqiTce/sbucl05zx5Wbaiii8SAzI1AYrQckCEaAFgCFYozAUAgQBHoLbk29n1jGC92ba1/h/N/6lbHtFHv4odI5c69M8WMeUteQraP1OU/lm3tOWbSn0oxz7rJt0OkZ3W5jJ8VUbOnH6YRXwkZEYL0IkMiKKQdgojimVDJDIxJ3GhvK27GTSnqWUAU8mNeUHKLSDOq4vp1MqG6B08FxC2rU5PNLXT9lk01e2s62VOHhy+NO51WdFPqjV33AKFX6oL5xuYmNnVaucvccsuuUs70Kil7NmivOE16T89OWPVLJ1K55RlB5oVJR/4vdGtuI3dHarRVWHdpZ2Nzy5TtzvhwvXpzHBE2uh7uta2NxtOPhVPjS8msvOT6i81CaqR9H1Os8uNccvBlOvbRUOJVYbasr0e5nUOKwbTknCX64NpmLc8Hr005ThhLrjsYGDe5XO8se3VOW72v8Ayta6d2nRoxbUKizJ6Vl5f9DE5k54jO2jGi/xaixLH5NtzwNy6lOCpNtRktbjnZlFGnnd9EYmE7dL5LPQ+snu3v8ALJb0XUkku7Fm9TwvhHsOU+CuTTaLnlxiePDndN5yjwRRSk1ue0qWMZwcZJNNYwDh9qoRSSM9I88n2vVb8jkHN3L0rWo5wT8KT/8AVnnFI7txOxhXpyhNJprBx/mPgs7Sq4tfhtvRL29Drjlv04Z469xqWBkwQ25kbIMwOJUKBhIAABIEd1iPEWJZE872ikOkBDoAoZAQ6CChkBDFFF1Ti1uvYptamPJHsZKrJvD6+4K81TWrTl5S2AlxHKxjfALKo8aZLDX9S7CkkLChh5ywi8OAJr1QyKhXErnQT6ouwTAGj4hy9QrfVBZ9cYZobjlOpSy7erJf8Zbo91gVxM3GVqZWOV8QpXdPKrUVUj3aWco8vxiFu46qdOVKrnddmd0uKUMNyxhLLb9DmN7bxv7vTQgvDUtMML6sPeb9iS8Pa2fyTTwjc6klqbbxhZ9A3E0vJHour9Wdm49YWdnYOnVpwlKUcLZatTXZ9cnIKHD5OppaenOU/VHbHOXv08+fis9z3Ky+X+GupNNrvsda4Dw1U4Lbc03KnCFFKTXwe1o08I5W8rt3xx4Y6NGOBggZUKzUcwcHhdUpQkt8eV90zcMRkVwriNhO3qypTWHF7P1XqYrR1jnLl9XNNzgvxoJuL/V7HKasHFuMk1JPDT7M645bcMsdKmgMcODTGlQC3ArQ2aVgLMELtNO6RLIiRHied7DxHQqGQDIdCodBBQyAhkUa3i0cJTi94yUml7GfDE4p9U1lfYFxSjKMlLCTTTfTBicMr4bpdox8j28y79PTb7gZVlTlFaZdns85yC/jUcGqaWWtm3gS6quk4yz5JSw113ZmZysr9gjA4fJzjiWFVg9M0t1kz6UMd8mnpupGtKajq7y09HHO37m6i8pP1EKJAkKgAYzMLit/G3ozrTaUYRb32y+yA8lz9xtrFnRb8Sp/q6euj9K+TZcr2tCypKdX8KUorQ6lNU8vDelSTab26Zz7Gr5P4PWuq0r25otuo1Upyc9McfpWzTS/Yq/iJx11407ShCWmc9KTSzKomvTbbbGPk5W+9/47Y42+p/bU8bvanErvTHPhxemC7Jd5GxjwynOrTpwj5aKxOX6pA4DaeDSecO6lOVKbX5dOzaPU8I4coL3e7fqyTvTeWU1+mXY2yjFJIzUgxjgODrPTz27KBjAARisdisikaPBc9ctZzc0Y+ZLNWC/MvVe575iTimsPoyy6LNzTgWoDkez525X8Ju4oR/DbzUgvyP8AUvY8WzrLt5spZUyByAwYNM7NkggBo27zEsRWixHnew8R0LEdAMhkKhkEMhkBDIqJgwbmFCnLW/JLq5RT6e+F02M81/FLKpU0ypzUZQytLinrg/qjvt6PddYr3AzaVSM4Rl+WUVJaljZrbIkbnqlB+V4cdk0vVLujH4dbTjGVOsozjnMJZ1qUPRrCxj0xgpuKHgS8WGXFJqUesVBvOmK7P3/7A2FGUJSlhYk0nL43x/cst84w46dLcV3TXZoqoXSlj6UpbxeWs59mkZQEIQDZURs5FzxxS9vLyVpRhONGjU0QprZ1pp48SWe2c47dz3/NPHlaU1GC13NXMaNPr8za9F/g1nLHDVbU6t/d5dSSc/O/M5Povl/0SJy0cdx4+hzjeWUJ2NzRjTqLH4mlUpw2zFtRSUov132ezNvwmyVGMryrq8Wq3O3ouWpQU0sP5/seM5jvJ3txKp5p1alTTDHTSv7LbB0ngfC5TVOVXfRThTin2UUkY8mvVk9108W5yxt3IyOX+GtLVPeUm5Sb9W8s9RSp4QtvQUUXlxx0meWy4AxmBm2CsDGYpFKxWOxWAjFY7EZFVVaakmmk01hp90cv5y5YdtJ1qKzbyfmS/wBp/wCDqbKa1JSTjJJxaaae6aLLpMptwVgbPT84csytJupTTdtN7d3Sk/yv29GeXZ2l281lnaZIQBUd5iOhIjxPO9ixDoRDoBkOhEOghkMhUMioKJKOU1lrPddUEIGmuqNxRT0VZTpOpGSTjHxY5bclqWEo5xjyv6sbYybOhXjVhqg1umusZ6Jd09LayvTI9akpxcZLKaw1v/Yo4fZKinGM24dVDCSi225PP1NtvLbbAThNGUVLMoaXKS8OCajCXiSbe++WnHK9V3zk2Bp7zhs4qpKhWqU3NaqkZVNSlJJLUpzy4+VY2a6LdYM/h90q1ONRYw8rZ6o5TaeJY8y26rZlRkiyYxRcPCA0VvwL+Z4jVrTzKmlThBN5jFKMW8L5z9zzP8R+YPEl/J28lKnTlKMsSi3KfSUnj90l8+pnc2X1x4PgQk6cJZ8V0206u/Rvrj2NFyxy65VFNx8q6bdTFynTrJl2zeVeV3mNSeySWld/3/8Au50S1oKKSEsrZQilgy0iyfaxll8gkIA0yjFGFAAAgIoMVjMVgIxWOxGFIxGWMRkGPc0I1IyhOKlCSalFrKaOT82cvys6mY5dtN/hz66X+iXv/wBnXWYXErOnXpTpVI6oTWGu69GvRosukyx5RxDJDc3/ACtd0qs4RozqwjLEasUsTj1T+SHbcebV/DrsSyJXEsRwetYhkIh0EOh0Ih0UMhkKhkEFDCoZAE1nF51qf4lCOW8eItpasdMxbX3T++DZFd0swa7Y3a7e5Q9GalFS7SSZq7J/y9eVDpSqZq0m9KxN7yjhY69Vt+os4SnCVWnKTk3PXGUmvNFrGEvbBn1tCWqS6d8br7AWlNdZQaFxGedLzpel9+2f+mWhGlq8IjUlmaz7Gxt7SMFhLBk4IZmMjVytRIJAGmRAQAEAyAAgGRsVsioxWRsVsCNitgbFbIqNiNkbElIKEmVyYZMrlIio2QTUAC+I6K0WRKixDorQ6YQ6HRWh0UOhkImMgh0FChyAxXWpau7WPQfIlWGpYy17oqNfC0lTmvzJvMH104/K89TaSWpY3Wev+AQWEl1x3GyFtYVhbunOoow005vWun19Hn+hni5JkIYguSZAOSZFyBsBsgyDIMkByDIrYrYUzYrYHIRyIpmxWxXIRyBozYjYrkJKYXRnIrchZTK5TIppSKpSFlMqlMm10fWQx3MgNNlFlkWUxZZFmmVqY6ZUmOmEWpjIqTGTKLUMmVphUgi1MOSpSDqAtyTJXqJkC3JMleSZAsyTJXqJqAsyDJXqBqBpZqBqK3IDkRdLNQHIrchXMGlmoVyKnMVzG10tchXIqcxHMm10tcxJTKnIVyJs0scitzEchdxtdDKRXKQ+gPhEVQxXBmWqQfCQ0bYXhEM7QiDSclaZYpEIbZOpDqQCAOpDKRCAFSGUgEAbUFSIQIOomohADqJqIQCagaiEChqA5EIQBzFcwkCkcwOQCECuYrkEgUjYGwEIqYDoIQgZUh1RIQsZtOqSJpSIQ3pNg2VthIEV5IQgH//Z'),
(596109, 9010, 'pullups', 'https://weighttraining.guide/wp-content/uploads/2016/10/pull-up-2-resized.png'),
(596110, 9012, 'breakdance', 'data:image/jpeg;base64,/9j/4AAQSkZJRgABAQAAAQABAAD/2wCEAAoHCBUVFRIVEhIYGBgYGBgaGBgcGBgaGBoYGBgaGRoYGBgcIS4lHB4rHxgZJjsmKy8xNTY1GiU7QDs1Py40NTEBDAwMEA8QHhISGjErISQxMTQxNDQ0NDQ0NDQxNDQ0NDQ0NDQ0NDQ0NDQ0NDQ0NDQ0NDQ0NDQ0MTQ0NDQ0NDQ0NP/AABEIALoBDgMBIgACEQEDEQH/xAAcAAEAAQUBAQAAAAAAAAAAAAAABwEDBAUGAgj/xAA/EAACAQIDBAcFBQgCAgMAAAABAgADEQQSIQUGMUEHEyJRYXGBFDJCkaFSYnKxwTOCkqKy0eHwI0Oz4hUkZP/EABoBAQADAQEBAAAAAAAAAAAAAAABAgMEBQb/xAAhEQEBAQEAAwEAAgMBAAAAAAAAAQIRAyExEkFRMmFxBP/aAAwDAQACEQMRAD8AmOIiAiIgIiICIiQESzXxaJbPURL8MzKt/K5lxXBAINweBGoPkYHqIiAiIgIiICIiAiIkhERASspKwEREBERAREQEREBERApI96Rt9HwpWjhWXrCDnawYpwyjLyJve50nY7exho4etUAJKoSALXJ4C1/EifNeP2m9R6lSq+Z2N2vw1FhY+FrSFswxO8GPc39srnNfsipUHH7oNhx5Te7sb8bQwjBGJq0x7yVL3sONn4rx8Zv+jrdI29prjgD1aHx+IidHvBsHDVFzV6YUAaODkbyBHH6zO+Tl42z4f1Pvt2O7+3aWMorVpHjoyEjMrDirTayItjbvthqwNOoTTco4zsRkZbgMclsxysbG9u8GSdhMcpTMzqMtwxJAFwL3JPgQfWWzuavIpvxXM7WeTI1336SVoFqGCtUqC4apxRDwyqPjb6D6TS799IpqCpQwTkUhcPWX3n5FUPJe9uJ8BIxDXFv99JvnH81za3/TJ2piXrXrVnao51ZmOZjflrwHgNBNxudvLiMCc1NyUY9qkxJQ+S/CfETQ0yCuU8SfoCDL2GfQd9jp4k/78ppZKp2yPoTdnfLDY0ZUJSoBrTfRvEqeDD694E6W8+X6bDlcW+IE3v8AiHCSJup0jtTCUcWpdBotVdXAH21+LzGvnM9eP+l87/tLkSxg8UlVFqUnDowurKbgjzl+ZNCIiAiJGHSVvpUpVPZMI+Rwuaq4tmF+CIfhPMnjw4S2c9vEW8nUnxPmZ8fWJ1r1SeP7R/7zv+jHemu2I9lr1GdHQmmW1KMuuXNxIK348xLaxZOq53LeJaiIlFyVlJWAiIgIiICIiAiIgIiIGJtPCLVo1abqGV0ZSDzuJ8/Ud2hRx4wuKGi5TxvmB7QF+fG3zn0XNJvBuzh8YF65CHU3Sopyup7wefkbiVs7F8amb2sOnVUJe4VVHPQAD8py21cLicTiEIYLhwllcMtib3bvOvDQcOEu7a2e6gYau5N/de2RKouBc20zgX7N+JBmwoYRMLhyKas6Kpul7kk/FrznNZ+XbOa9xscdhgUQD4QB8hbW05Q7Jw7VHp16SP1nbBYXJKgIwvxBy5bETZYTaTpTVajq9Q2eocoVaau1lQAc+QHE6kzSb1YhqNXCv8YcsR9y1jf5iJ2X0X/HlcdvXuy+BrlVu1J7lGPHLfVW8R/aaF6aqwU3KnXxXyPdJv3hoJj6bYanTZnUB1qEZUpnkcze8GFxYD+8ievh3RmR1yshKsCNQwOo/wB756Xj1+p/t5O5+a01TDsCyniO0p77f4mCcQeHDj9ZvMSwAvzUG3kRaYOxcOHrAsAUQM73tbKAe/TjGrwx79FHEWGvKX1qsRoB6mYlDCMTduypNwDa9jwmaaYXgRLT4rZyuk3O3rq4FwSS9Fj26fn8SX4MOPjJ6wOKWqiVKbZkdQynvBny5Uq2FpNXQ21Y4J+sB6vrT1JPNMozZfu5729Zl5Mz60xakGIiZNGFtjHrh6Fau5stNGY/ui4HmTYes+YKmLepVepUN3d87nvZiSfTW3oJMvTHtjJh6eGU9qq2Zhz6tD+rW+UhTLbWb4nrrLd98Z6G1yZlYDaLUK1CuunVujH8N+1/KTMKkmaXqyDKQZpfjOen09ScMqleBAI8iLiepyvRrtP2jZ+GZjdkBpN50zlB9VyH1nVTls5XSSspKwEREBERAREQEQYgIiIFIiIFjFYZKilaiKyniGAI8JrMZshArMrlAoJJNyuUC5v3aTdTiOlfbgw+BdFa1TEf8ajnl+NvCy/nIuZr6tN6z8rg8Pv1g847NQDOXuyjLn4BzZj+Wkv7VqU6/wD9l66uLpdEYEBM2q34k+gkVtTsZsthYZ3qhKYY5veCgtoOJIHLxkzwzPtN8+tTj6J2Lj0xANSlmU5VDhlsLrcCx4EceE5/f7dg4gddSpnrQNSpW1QDky6HMBwI8ptNk0mSnTUXUqAL94sLhhzmNvnjMSuGL4eqtLI6l2tqUHEAnhrbhraVm5Neka8ds7URDYeJqo7U6FRgl85Cmy20YH9QJiYfBKim4JJIPy4fWTfsfeei1I1EJKL74AsyEgEnKeI1/tNHvnsLDVg1ai2SpbMwykI4toWBsFP3uc2z5Zq+4y14rn5UV1agsRlc+mn1MwKjgcVt/vhL9arf3TmuSAAbjT9JhYmmR73H6eQmlrOSPNKuFdGZAwVlJQk2YAglWPcRp6z6b3O29QxmGR8OAoUBWpi16bAe7Ycu48xPlcmdLuPvU+z8QKoBamwy1UB95eVr6ZhxHrMde20nH1FLGMxSUkao7BUVSzE9wEiXaXTWLWwuDN++qwAH7q8fmJyO3d98Vi6Te0VFyfDTRcq5j36ktbxJtEnUW8WN5NrNjMRUrufeNlH2UF8qjyH1JmlriwMyaeqgnmB/mYePe2gm/wAjD7WfhnsvytPeJ90en5zE2a11BPLT1mdjOA8WH6yZ7hfVST0H4u6YukTwdHHhmXKf6ZKshXoWqZcVXT7dEH+B/wD2k1Tn19b5+EREosREQEREBKykQEREBERAREQEhHpkZmxtJXHYXDrk7iWd85Hjoot4CTdOQ6SdgjE4VmVb1KN3TvK27a+RGvmols3l9q6nYgVsIDpw+onbbl7vrQFPE1C5quD1VJDa6HTM9jqDxsdALX1nHVHtre49Judl71VEBDMWzBEz3GenTU6qgta9iePPvmvllueZV8OpnXdJiTFAjQ8ONuAMwsXiNCCMwOlrXv5CczR3pwuSo6VQlOkAFQ36yo7a5u0bsPHiSdbDjo06RXQsRhEfXsFna6r4hRYnxnHnxatd2vNiT/rsdtYErg8RiKgZHGUhLKCqh1BJN2uSDx5dwmBWwPt1JFaorZgCKKgs1hwzm4At3mwmZuntw7Sw2KpYgoGYFciHUI62BIuSDmB+U432rF4V2wRJoqxLF1Ql6i8MyuOK25C1uZm+Z745NW8YG0d1loVMtw7D/rTVr/fPBR56+E5XadBkdgwtYe6CbC8knG7Yw+DwoZaZZqhsgZlUuR7zuEucvmxvfhI8rO+LrLcKpdgqhRZQToJeVXjTgXnoJOuG5NVXy1NNLhhwYXtz4G+lppNrYdKb9XTNyPeN72Pd3ROJtrXECe6ZLFVPAGX6NDul/qrHsjxJtc+g+ct+VP0yXqATU4qpcmZbUqhv2T66TGfBP9n6ydfPSMSd9s3ZZtlvwuT62mfi3ACXNtSfp/mY+BpoEcOxVlUFBYkM5YAqe7skn0mJtmpdlUchJ/XMo53Tt+i/HiltCiCdKqvT9WGZfqlvWT7PkjYuINLEYepnKZKtNiwF8oVgS1udhy5z6m2PtrD4pOsw1Vai88p1B7mXip85jq9vWsnI2MREosREQEREBERAREQEREBERATy6gggi4OhHgdDPUGB8t7YwHU4jEU1XL1dWogsAdFdgv8ALaauurKdPznY7/kf/I4zIc13GgFrHq1uDfx5zksT3Xu3MjgPAePjOj+GP8ux3c3Cq47C+0UK6Bw7IUcMFOXmrrex8CPUTXbU3Jx+HvnwtQgfElnX5rr9JLfQ9RK7Np3+KpUb5t/idzM/3ZV/zK+WNi4+rg64q0+y4uGRgQGU8VYcbaA+YE7vH9JNF6JWpgSzke6xRqWbvv730vJixOzaNT9pRpv+JFb8xNZit0sC6srYOjZgQSKaBhfmrAaHxkWy34mdn8vmfH4p6zs727goFlReSqvJRPNG9gRobkg9xHA/OdBvluw+ArNTbVGuaT295b8/vjnNCq2CeX5zScU1/t1e399DVo0kpKVqZLO9xpmADW7jcek5CgnOUVO0fnMqhqbHn/kfpJzmQ1q1kU0tp6S9TYa+css+g8tfMG36TxnlmbYZhKaGYJqSnX25x04yqoXh3zSVr3JPG8yfaD2mPpMb3jf1Mrqr5iww1nZ9Gm0zh9oYcI5CVW6txyYNwuO8ECx5XnLtTDL2SC3HS3ytNxuRQL4/BJbXrlv5Ldv0lJZZWllnH1BERMliIiAiIgIiICIiAiIgUlZSIFYMS1iKwRHduCKzHyUEn8oHz1vzUvj8cQf+0i/E6Io5eU5huyb2tyQc7nixmVi8zs9Ril3ZnJPG7ksePnMBweXaY6C35D1nT8jCPo7o2o5dm4P7yFv4mJB+U6iYWxsH1OHw9Ef9dKmn8KBf0mbOa/W8IiIEXdOOFzUcI/2ajA+qXH5SH2k/9KmANXZ9VlGtJlq/uqbN/KSfSQAZt4/jHf1Zrjgb21t6ETIRlIHaAI8RNpsDd5sa7UKbhXyO6ZvdJS3ZJ5XzcZi7S3ZxWGNsRhqiC9g2TMh8nW6y1vsk7GMzf30+sts0CkRwVvLKf7TNwew8VV/ZYSs/itJ7fxWt9Y6jjXs8ts07XAdGe0agBaktIH7dRQbd+VbzoMJ0NOSOuxagcwiEn5sbSLuJ/NRQouQCbC+v9p2GB2BSWzVO3exKi6J+HvYeOl5s989xaWG6ulhmJfIXZ6hP/IbkBEAsigcfO2s5jAbZekOrrK1l0uR208COYmWtd+N8Z59bPHYRRc00RbG4Ue6/3WvqDpoQdJ0HRBu+fbcRiG9zDqUUnUl6gBA81W9/FhObr11cIUcMpYajkL637tJM3RzgwmBpPYhqzPWa/G9RiQD5LYekieonXOuqiIkKkREBERAREQEREBERApERCVROd3+xXV4DFMDYsmUebkL+s6GcB0w47JhKdO/7WoL9+VAWNvXL85bM7qK6vpCzICfdJP0mx3RwHtGPwlO3Z6xWYcsqds/OwHrNdUJI1OVfH3j6cpIPQnszPXxGJI0poEX8T6n+UD5zbd5GOZ2pniInO6CIiBaxNFXR0cXV1ZWHeGBBHyM+Z8ZsapTr1cOKbu1NytlVmJAOhsBzFjPp2eQgvewv32F/nLZ1+VNZ/SL+i7dWvRqticQhpjqyiK3vnOVJYr8IAUce+SlEGRrV1epznk4ReIkLcBKykXhCJumLaLJWwiIfdR3I/EwA/pMjXG7VDLZqSliLBieHiNL+hnV9KuKz7QqgH9mlJPI5c5/rE4LEmbTMuYy/VlvGPrqATrp530n1lsqh1dCglrZKaL8lAM+V9l0c9egn26tNf4nUfrPrQym18kSkqJRYiIgIiICIiAiIgIiIFIi8XhJIe6YsbmxNCkDfq6RYjxqP+dqY+cmEyMd8tyHxOIrV0ri7Zeww0GVQAoYcvMS+LJe1TUtnpENYDiLk8Lk/lJ56Kdn9Ts+kxGtZnqnyYhU/kVJGVLo9xtVsqKmVSAxz2sCbEgEa2F5POCwy00p000VEVR5KLCW3qVGM8X4iJk0Ii885oHqJ5zRmgeonnNBeB6i089YO+U60d8D3Et9aJibT2lToUqlaobIiFm8gOH6esIfO28+M63E4qr9uq5HkDlX6ATR1RwnrG48u7sEUBnZgo+EMxIUeXD0nQbk7rPtNq4WqtIUghJKlr5ywAFiPsmb/AKnGP5vWp3XF8dgR/wDqw/8A5Un1QZHu6nRlQwrpWrVDWqqwZOKIrDgwUG7EeMkETLWpa0k5FZWUi8qsrEpeLwKxEQEREBERAREQKRKXnhm4k8ISVKgUFmNgBqZztXaFwxyMCzHLwN7+7pxEuY7FF7X0Xiq9/MFu+Ymz6ZrVl+yhzNbkQdB5k/QGZfvt9Np4pM903mx8I1NCHFmZiTrfwHD1mwAgShcCasXqeXMtPilHOWHxd+AgKuJIlg4g98OjseEquDYwPBxB75Q15e9hPfKHBGBZOJPfPJxR75dOGlpsPIHn2mU9pg0JTqJCXr2kyGOkPex8U9SjTc9QjAFRwdlPvkjiA19PAGSVvhijQweIcGzFCiHnmfs6eOp+UgelSK2W9+4947iJbP8AaPrAaSh0JOF9ua+p6kW8P+Q3nIbE2AcSKjInuIzcWAuATYW56cJsOjzafUYxEJypWHVuDoLnVD5hv6jLW9RM8TquMIlwbRMwTRMp1ZlUth7fKjHeEwFEuqIGaMb4S6uMmuE9iEtiMUJ6GImvE9BpHUNgKs9K80+Kx6UlzVHCDvJ4+AHEzCo71YZjl663iyso+Z4SLqT1a1z4PJrP6zm2f8dSDKzXnGKql2dQgFyxYBQvG5Y6W8Zzz9JezFbKcUDrbMqOV/itLMnYxMHZe1aGJTrMPVSot7Zla9j3MOIPgZnQPJE0W2Xrm6rTYodLqLsfroJv4tIs6nN5e8cHsrZuJVar4kPdmBVbIFpoCdBZizEg8dLaaTd7DYrTtRo3BZizFh2mvrfy0HpOhtKAW4CRMyXq2vJdTlYfVVW4sq+AuYGBHxMTM2JZmx0wiDlLq0wOAE9xAARaIgLTwUE9xAtmkJTqBLsQLJw4nn2cTIlLQlptvbApYug9CrcBuDD3kYe6y8rg8joZEbdGGOFR0ApMg4OXy5xyKrYkHvB+cnUiY+Josw7LlY7wQhuttA4RMZRqOEdHtlYXBF8rC/2hy5HvnD7Tqguz0iQM4cHgynj8we6SBv8AboYijiKmKW9anVLM+UWdGK2JsOI46jvnBPhqTg5HKEAXV72vzClBw84iz6N3fxAr4bD1S6FnpoWKtmXPYZgG8/WZb0l+0JA2723a2DpnqnoVV95qfX5SO+yMF1/Dc+cl3crbNDH0TUpgqykLUQ8VYi415g98ixVtGpqPjH1iw7/pM84BeRnk4LxkjCnpZljCSvssDFgmwJPAa/KZYwsPhLqw7wR8xITnnfaKMXVqY3EWXUsSEBOioPy01Jmw2hui1NQRXRm+w3Zv3lSTr6zA2TiTg8SC6k5GZWHOx0uPHgfWbPfPHUcQab0aoOVSuXK17k31uLCccmbLb9fT615Z5MY8frHPsnUd75bQrqPZDUPV02zFQbqWYX4jQgch3kzoMB0PYmpQFR8SlOoy5lpFWa1xcB3B7J77KZyG8YKOSPiIZfS1/qB852m9PSRVqU6FfAYxqTkBa2GNNDla186Mym630493jOrx/wCMeD/7ZzzX+/5cvu3tOvsrHhal0y1BTxCX7LITYnxsDmBn0xPlXPiNo4umHYvWrMqFsqjQaZiFAGigk+U+qUFgB3C3ymjkViBEgIiICIgQEREBERAREQEREBERARaIgeWS/GavF7t4Sob1cLSY95Rb/SbaIHL1dwNnNxwiD8OYfkZn7D3bw2Dz+zUQhe2Ygkk24Xv5zcxCVAJWIhBaLREJIiIQ5reDdWniTnByVLWzAXBtwzDn9DOfodHtTN2665fuqcxHqbD6yRYMpfHnV9x1+P8A93n8efxnXpy20tx8JXwwwzIQASyuPfVyLFwSNT4HSR1W6FsRnsuMpFL+8VcPb8AuL/vSbjAl56c11dX9a+ohw/RDWo1kq4baAVkZWVjSOYMON8r2I46dxtJZpBsq5z2rDMQDYtbWw5C95diFX//Z'),
(596111, 9013, 'hand stand pushups', 'https://encrypted-tbn0.gstatic.com/images?q=tbn:ANd9GcTV8UCGen9bZdgr2sjCsW4AI3F65MNLyAmRRK9EwfAubg&usqp=CAU&ec=48665699'),
(596112, 9011, 'mindset cycle', 'data:image/jpeg;base64,/9j/4AAQSkZJRgABAQAAAQABAAD/2wCEAAoHCBQSFBgSFBQYGBgYGhgYGBkYGBkYGBgYGBgaGhoYGRkcIS0kGx0qHxkYJTclKi4xNDY3GiM6PzwyPi0zNDEBCwsLEA8QHRISHTMhISMzMzUzMzMxMzMzMzEzMzMzMzMzMTMzMzMzMzMzNDMzMzMzMzMzNDMzMzMzMzMzMzMzM//AABEIALMBGQMBIgACEQEDEQH/xAAcAAABBQEBAQAAAAAAAAAAAAAAAQIDBAUGBwj/xABIEAACAQIDBQQFBwkGBgMAAAABAgMAEQQSIQUiMUFRBhNhcQcyQoGRFFJykqGx0iNDYoKTorLB0RckM1PC8CU0Y3Oz4mSk4f/EABcBAQEBAQAAAAAAAAAAAAAAAAABAgP/xAAfEQEBAQACAwADAQAAAAAAAAAAARECIRIxQQMyYRP/2gAMAwEAAhEDEQA/AO+tTkFLanoKBUFTLTFqRaBQKAKQyKGC3GYgkDmQtrkeWYfGm4qZY43kc2VFZmJ4AKCSfgKCQ04Vidk4x8mR1neZHRHQvbdBGoHteFiTa1blqka5SS5LoaktRS1WSUU61GWgYRQBUlqTLQNtQBT7UoWgbai1PtRagZlpbU61Lagq4rExxDNI2W5sBqWY8cqKLszaHQAmqybViLBWLoWsF7yN4gxPBVaRQC36N7+FQws0kk8qIWIUJA5AyFcozKlyLnPmu2isAmpto6NS7d22Z0YEOkqoQUK6NYDS7buU8crG2l6munH8ey3Z008tKFqls8FHeAksEyMhJJYI+YBSx1YqyOLnW2W9zqb4Wq5i1FqdaktQJalApbUWoEIpmWnmg0EeWi1SEUlqCLLQVqS1NNBE4plqlIpLUFUClApQKcBQOUU8UIKjxWoEY0L3BI4hB67fDQHqy0FYRmQGQete8fklwPc9216OOlcD6W+0gWFMHG1jMBJIRxWIHdUj9JhqOiHrXpjWRSTZVUXPIKoH3AV84docWMZiZsQbrnYlAdFVMxChr8N0BvMmiya9E9De3Q0TYBzqmaSHxQtvr5qxzfrHpXos2Ykst/yfIe0SLsLc902HiT0r512FiGwk6YmPeKHMAOJHMEcgVzKR0NfSOBZWjRlN1ZQ4b52cZs3vvepF5TEi6i44H7qCKbCMt06ar9E3sPcQR5AVLaqyS1LagCnUDbUWp1qLUDQKUClApbUDbUWp1FAlqrbRYCNxmKllZFIBZszKQMqqCSeenSrVRYjD57bxUqcystrg2I4EEHQkajnQUcJtSExpZgpygd3Y51IFsgQDMSLW0HKjC4xAzl7RsSCUchWACgBvWIKkAeroDmB1vVafv8LhXNw7qrFW4kEldSMovqXfw0GvGuc7KYmZsSFaRpFYMXzksBu3uA3qkNYaVGp6uOu2aMzSy6kO4CMRbMiILWHzQ7SWPO99QQToWpbVnz7SKzdwsTOcge4ZAAMxU3zEdBwvxqsr9FVmx8YjeViQsebPcbylPWBAvc+V73Fqiw+14ZGCIzEtw3HCn9Yrb7aC9RVDBbVjki7/AHkTMynMNRlcpcgcBfXw50u0NppA8SPf8tJkU8gbaE+ZsPfQXaQVA2LjEghLjOylwnMopALfE1UXbuH7vvWkVEzumZ927IxVrX4i4OtBpUVEmKjZO8V1KWJzhgUsOJzcLVXwG1YcQXEcgbuzlflxFwwvxUjgw0NjQXDTDTIsVG4LJIjAHKSrKQG00JB46jTxqvtDacOHKCWRUMjZEvfeYKWtp4A/YOJFBZJpL02KVZFDowZTwZSCD5EVJagr2qMYqPvO57xO8y58mYZ8l8ufLxy30vUwGteaw5u+fbJJ3ceuH9Y5fkn/ACzacPWcHzWg9PRagd4mdUMgz2bKqyZXI0LaKwJGgPurAxXYvC5HeQzyuFdgZcRM9jYkDLmAIHiOVQ9kuzmDkwEDNAhaSJGdwMrsxAY762Ya9D4UVp7T2lgYz3Mro7PuGMBpXbNoQyLmNtdb1lyjYqTCHu4TKX7vKkbMQ97FTkWw14+Va+zNmQ4XENHDGiK8StZRrdHYMb8SSHX6oqs0Yba4JHqYMsngzTZWbztpUVHihsiJykgwodNGUhWZbcmAuR7609nYvBSZY4WiJA3UAAOUfNUi9h4VH2thBwWJsAC0bXNhc6czzrVwC/k4/oJ/CKqfEZlijR5LqFQNnK65cmrA5dbjpSS7RiSITtIojYKyseBDC62HEkjlxrL7O4YSRYlW1EmIxAblo1lrPjwqS7NV5Bd4UlVNTYEMVvbgTlAF+Vzahjp8DtCKZO8jkDKOJ4Wt84HUe+o02vCxssmbxRXdfrKCKzMDCI8RDl0E8ADgcCyKLN52Nqt9nw6wIiquVS6gljm0kcarl/nQacbqwDKQQeBBuKedKKrrhQTmkOc30B9VegC8Pedasz6hwxcfJs30QW/hvSjEr0f6j/0qYC1Aq9CvNi1VSw3resF9YDmbcdKmRgwDA3BFweoNMmhD8f5feRcUuHhEahFvYcL+d6Xxz+oktS0Uj3sbcbaX4X5XrKqOPlJDIt8ot3rDiqniF6tY3PQeJFV9mQRxFnKpHYKhNggcqSWcdVN1t5GreGZ0UKYmJ9ohkIZjqzasOJJPDnUeGaMSd2IQjZS97JwBAAupP+xRVqLFI5spJ8QrZfrWsfjWTjXkTFFo4w7mAAXYIBvnUk8uGgrcrJxcjpOsgidx3bpuBTc5kZeentcbUEcUFsNNGWzOyyNJmFt50J9UH1bWtY8qs7KeUxxl8hUohuuZWF0BGhuD8RTcDhJCJHlsHl0Kg3CIFKqt+Z1JJ6motknEBY43iVERFV2ZwzsVUDcVbgC45mgyZ2n7vGQxxI6Z57uZMrL3i5zZMhvbPfjrVLtjiVZISb5vk8sqZVZj3gETRndBIGYesdBXUYPDMJMTmWyu6lT84GJEb7VIqtBscrIrmQMqYYYZRls3rAsxN7ahU08Ki6pbQnHyjZ+KFrSF4yeolhLoL+a/bVXY6d5smQH20xZ88zymg4CWTZWHCKe/gWF0VhY95DukWNuIDj31ZZFwezO6dlDrhnGW4uzlCWCj2t48qBu25M+z4V/zThUP0XePMPeL/GrCQpHtFEjRVVsK4ZVAC2SVcmg09phVTaCFtnwmPfMJwrsF3jaNoy4sOYW591X9ixtNPLjGVlV1SKEMCrd0hLM5B1GZ2JAPJRQV4MKi4CQRooIWZrBQLvG7lb24m6Ae6oO1uPjikwM78BO7bqlnIbDTWCKNSSSosOZFXdpyth4pI0ikkMhkMQRSy5pbsQzcFAdmNzpa3jat2hwSiPBF/wA1PCjMCVIzxtDo62K77pqDxtREvZHByRwM0qlHmmmxBjJv3YmcuE8wLX8Sa3qoYIzRuY5LutrpLugkfMkUW3/0lFj0U8b16qKsj5FZvmgn4C9edbF7KxT7FzlGaZ4ZHUmSQjPd2QiMvkBJC6geNejXpYlCgAAADgALAeQoKPZju2wUBjXKjxq9izNYut2GZiTxJ51F2HiePAwxOrK8YeNgwKm6Oy3seRABHgRWpg8NHEgjjRURb5VUWVbknQDgLk1aWgzZP+dj8cPP9kuH/rWZtDFCPaCSmKbIkLxO4idk3mV0sVBuL3v0rpgBxtrwvzsbXH2D4U4UXWZ2ihaTCTJGpZmjYKANSbcAOtXsIpEaA6EIoI6EKL1NRRGFhu8wjTL3buru0sZRcwu4GZG+bYjjwsafg9mOmCMB9dke4v7TlmAv7wK2waCaLrK2Xs+RWWSYrnSNY0VdQoAGZiTxY28qp4TZ2JLOjSmKIO7Jky53DuXBLG+UDNb410JNJehpsa2AFybC1za58TYcadRekohb0Cii9AUtJRQKKWm0XoBnCgsTYAEkngAOJqjChzJIQbuXJ/RBUFAellRR5361fvSXoFpKSi9AtFJeigWm06koGmltTMRFnRk4XFgeYPI+42NMwc3eRq54kbw6MNGHxBq51ompaKKgaaa1ONNagbSUootQVb05aYaFNBOtSrUKmpENBKtOpgNLegdWTtVJJGyKDkXKWCnebMdL+AsdPC/StYVWwLZlMnz2ZvdfKv7oWt8bnaVaHQV55tHt3MkjpGseVWZVurEkKSASQw42vXfyPlUt0BPwF6+eZMSbFuut/OuddOM138fpBxA9aKI+Qcf6jU6+kdx62HU+Tkfeprl9o9ncXhou9ljypcA2ZGK34ZgpNhfT31p4PsXJJhPlfeAEo0iR5LlgASozZuLADlzFTtc4tcekoc8KbeEn/pUi+kyLnh5Pc6H+lcbs7szjMUiyRxbjcHZlVTy0ubkeIFTbR7FYzDxvM4jKouZgr3YKOJAIF7DxvTsyOzHpGg/yZfin9aD6RoP8mT4p/WuH7P7GOMgxMik54QhQA6OTmLIfEgC3jaqODwbTiTIReOJpiDzRGQNbxAa/upp4x6KfSRAPzMnxT+tMb0lQ8oH+uorznAbLadZHWRE7pVds5IGQtlLXAJ0JXl7VOwuxXlYJFiMK7nRUErI7HookRcx8qaeMd9/adHywz+91/DQPSUp4YY++QfhrzXaGCmwz93PG0b8bNzHVWGjDxBNb2yOz8fdxYjGz9xFMxWOwGZrKWzsx0RN3QkG9xwuKaeMdW3pJ/wDjD9p/6VE/pKflhl98h/BXBbU7qOV1hkMkSkZXK2JFhfQ2vY3F9L2vzrsNqbD2bs/I2KlmkZkzLGi2zkWzG4tYXI0LA+JqmQs3pKxHsxRL552/mKqj0jY1joIQPoN/N6xMRtDAYycK0fyGIKQHRWkLnS2dRoul9QD4muv7NdndkyJJJHJJiRF65fOijdLaKFUnQHrQ6nxUg9IWLB3kiYdMrKfiG/lXo2xtojEwJOBlzi+W97EEqRfnqDXk2P7V4WSNo4dnQorAgM1s400YFQCCPpGu/wDR2+bAR+DSD99qROU6dPRSA0t6rAqpgNDIvzZG/eCv97Gp8Q5VSyrmI1tzNuIHja9qqbLlV87qbh3LA8rBVQfwmtydWp9XqKgxOJCWHFmNlW4BJ668vGoTiJQMxiFrMcuYBkC/OIJBJHAKOOniMKuMbU1hWLLIJndgFdVEeQH8ooVg4eQIrWZt4rbjZbi4NjNszddkACrkRmRQAqSG9xb2SVynLc8+HtFaVFLSURSvSgUU5RQSoKkApiCpRQZW1O0WFwkiRzyZGkBKXVypsQNWAIXUjjWsrX15caw+0Aw8cuFxE4XclZEduCGSNyGP6yLqeF7+I3b0UO2h8qq7LN4YvoJ/CKtVS2arIGiYEBGIRuTI28tj1AOU/R8a3P1rP1LtF8sMh6I5+CGvnbDuJJIk45pI1I+k4H86+hNsH+7zf9qT+Bq+e+yUfe43CoB+ejY89EOc/Ytc66cPVfRO0MIs0bwv6royHyYWuPEcfdTsPkTJCtt1BlX9BLKPdwFc3tXtLHhdoJDLIqRth3dmbgHMgyX8wjiqOy+0keK2sVhkDx/JSgIBALq4drXAvoePhVZyuBxW0Z8LiThElkSOPEMBGrsFskmmgPAjW3A3p3pEw6xbQmVdAxRwOhdQT+9mPvqt6RZO52jiLCxzI6n6UaH+IGrnpXH/ABEt86KJh5bw+8Go6Q7szjGjwGOMbWdHwbgjkROMp+KitnY0KjEztGLR4jBTyIPmhwpZP1XV19wrB7HQZsJtEHgYom+pIWH866XsEBLGw9qBZ1H/AGsQl/seM/XoVzfZb8pJiIx+cwmJQeeVXH2pf3Vysh0BNdR2Fe2PiB4PnQ/rwutviRWXszYM+LPdxxnd0eR7rEltCzudBbXQa+FFdyXO0NgmSU5pcPnyO3rEowAued0IU9SL1b7QYGPaOCwsmFkjJhTL3bOqWDIgKnMbBlKDQ20J9/M9pNvQQ4RNlYJ86JrNMPVd82cqh5gvqTwsABfW3JREaX42okjotqdlMZBEZ3iHdgXZkdHyg6XIVjp4i4rstt7Bba2HwWKWVIssO+XuRdwnC2hsyvxI41ndm8f8n2RimkO47PHCp4M7xhWCjpmJJt81vGq+IXP2fjvqUnIHP1ppAP4wKJ25btNsrDYV0SDFjEkq3eFAMqMCAACpIN97S5Iy+Ndp6KQDhsao55ftjkFcTitgYqOE4h8O6R6DO4C+sbDdJzWuRra1dr6HBcYqPqsR+PeCocvTzYvZRrxA+6vbPRWf+Gx/Tm/8jV4cFuAOVhXufouW2zYvpzf+V6ReXp19FAoNacheo8PCsahEFgL6eepp9FNFNCRM+mpQZRyYKBvFrnLZmZbWHM68ooJgcmWRmkJXOhJNgfXzJ+bA1tw1AGt9Z8Xhy2+hs4y65mUMFa+VraEWLC5BtmJtTA+Ivlsn0t6xBAsAt7gglteeXlfQqjiI+8meEDmrs7BcyBkIJXeBynKiCw9l+l6ZhYURfyEkgOVnQMMySKB7K6A3JXU62tay2tbkwjRqjxjOyXZrk5nOTKbE3IJsLC9vhVYHisUc18jKmcFEjVgAGUsOtt03YBToOBg1cNLnRX+cAdL2vzGoB49QDUlRQIEVUAACgCw4aDlepL1UVTTlFNqVRQPSphUSisPZu0oy6ESl3ZXM6BmfI4KjJkF8jK2ZbADRTe9gaDA9K8t44ItNWdze/sZEHDwdvhXK9m+2WIwZWP8AxYr27tjqo/Qf2fI3HlWp6TsYsmIjCm4WIHhqC7tfjqDuLpXEMoNrn7gB5mo6SdPd9h9oMPjFzRPvWuyNuuvmvMeIuPGtSvFthdm8TJKkihoApzIbN3pBFrohYtbT1mIXXjXrWHgmKKskhWwAJGUyOR7TvbKpPMKvk1IzZh+2B/d5h/0pP4GrwHsLtGHBYpcTiFdgiNkCKGbO4C3N2FhlLfGvoOfC3ieNSd5GQFmZjvKRqxuTxryMeivGqNJMOfHO4P8ABSrxzO3L9rttHH4t8QoZUYKiK1syootY2JFycx4n1qTsltkYDFpiXVmRQ6sqWzEMhGlyB62U+6upT0XY0e1Af13/AAVFN6MMeeeH5/nHH+ijWzMUsf2ygl2iMc2EDx92sbxyhGbS++mhCsN33X66O7W9rYtpqtsH3boRll7wMxTW6MoQXGtxvaEedPPor2h1g/aN+CrUPozxy6fkfdIfw1O06ZGw9rnDxYiLLcTxhL81KtcHysWFvEdKk7PbdbBzd4BmVkZHUG11bp4ghT7rc63f7Osba1ov2h/DSQ+jnGjj3X1z+Gquxx+GxzwSRypbNG6OOhKMDY+Btb307bG05cSzmSSQoWZlR3Z1UFiQtjobaC9uVdPL6NseTcdx+0b8FB9GuPIt+Q/aN+Chscx2Z2rHhJTJJho8QCLBZPZ8UNiAfNT4WrV2jtLZ0hzRYB0Y6kfKGEY8kUXt4ArVwei/H3vfD/tH/BVhPRljr6vB7nf8FDY5raG0ZcRlDkBUGVEUZUReiLy8Sbk8ya6PYHbNsFgzh0iDyZy8buboA1icyixuLG1jz8NbCejTGj24Prv+CnH0a40+3B9d/wAFC2OT2z2gxeMY99KzrcEIN2MHwQaE+Juabsna8+FLmGRkLgK5W2oF7DUGxFzqNda6z+zHGf5kH13/AAUD0YYz/Mg+u/4KGxwyJXuPo5TLs6Dx7w/GV64xfRnix+cg+s/4K9I7ObObC4WKByCyKQxW+UksWNrgdaROVlaVLWHgy3yySQk5WJgA5fkkSQEeN2m+yklkxMszNE+VIpEjyWW0m8pmdyReyqxAAsbi/gaxjctTawe1bTRYWeaPEOrIjFAqxgA3AFyVLEi/UeVaS4C0bIkkis4AzlzI6nqveZlHE8rUFs0lc52Lw94mld3kk73Exs8kjsSqYh0UZScq7qL6oHCs3YzNHGmPMjk4rFESKzFk7qWR44Qi3spH5E38xzoO0vTVcG9iDYkGxvYjiD41ymH248e15cFI5KSRRvADYBHVTnUdS1nbX5lWuyQytjk+bjZiPJ0jf73aiOjpKAaL0EFPjqOpI6CZBXP4aI91nEe7q7d47FWu9zliU5TxNmbh0NauNxWSyqyh24LlLuV6qi6nWwuSAL3JpsGDd4xG+5GFCFN1ndbWs7eqtxxCjyYUVwvaXs9JjMc5jyrGFRAy2ckKuoVFOm8WF2Ki/Ot3YXYmHDHvDctxuSGceTWsn6ozD59dRhoUjXJGgQDkBxPW/MnrxoRGJzcD/Ljb/f8AKk4nkbGsca7oCqTc9STzJOrHxOtCs5NstgDqSeItyqVYVHAD/d+HxNSWrWxCBaCKfRWQy1FqdRQNtRanUWoEtRanU1ybG3Hl50FDG7Uji0Y3IIBAtoSQALkgXuyi3HeHWpMNjUkOUXDD2WtfTjwJF+GnEXFchtTYcs8AWORyZJrOlkCeszq7EDMoACtYnib2uddLA4KSGNBLmM4kOZ2fOX0OQg8Ql8i2IFsxHtG8XHTAUtFFVBRRRagKLVQ2vtePBqsk11RmCFwLqhbRS9tQpOl+Wl6vxuGAZSCpAIINwQeBBHEUC2pwFJSig57BvIQshRQgxTkMHObfeSIXTL+mBxq9sUWWQcxPNf3uWH7pWreHwqond8QGZtepcv8AYT9lUsfsx3Ld1O8Ie3eZFQlrALdWYXRioAuOg560VW7ZpfA4gf8ATP2EVsodB5CqW0NnLLhnwudlDoY85OdgMtgxLeseevGriLYAdAB8KDn+yGsEq9MVjB/9h/61ixN/ctm4Mf4jvhiyjUquFYPKzDkAyZb9WArs8IiKpyRqgLuSFULds5BY2GpJF7+NJFgIkkeVI0V3tndUUO9vnMBc1FvVxxvaDZrz42futJkwuFnhbpNHNPlB8GGZT4Mas9gtpLivlc6gqHxAbKwsVb5PCGUjqGBHurqlwyCRpAoDuFVm9oql8oJ6DM3xNVsFs6KAyGNAplcyvYmzOwALW5XsOHjVZW70XpAaW9BXBqaOue20wMuHjdysbmXOM5QMVS63YEGwN9L2NZ+zcRKZ1ijxEhw4abumUJIZUQYdgpkkViyhnmTNe5CjUkXIdlhcLHGCI0Vb6tYaserHix8TVoVw+2HtjVjVpUeZEaN2kYJFIsrcRmygMundgb9gPGt+RA+JdGMuURxuMkroi5mkBuFcXvkHI0Vs0tcycdKIRNns8mHxEo09UrkaKynTdV8pPPS9PhnaTCyuJHKM6d25Nny7gfXQiz57X106WoY6MCi1cs21pB8qJY3SMqoAJyyRIodlHi0yHyAp2HxckaIqGTLFPlIkDB3gaJnAYNvXGoBOv5MdaGOkkxCIAzOqqdAWYAEnkCTTGxcYfIZED6bpYBt7hp48utZOzY0kOVwGQQsq9MryyK9j4qia1aBVJmzTZM7JkjugD7irpcZjqp0B5UGnaiqmPw7OUZDYq2upAKkagke6pVxIvZtxujaA/Rbg3urWdbETUUUCshaQ061IaDNkw/5RijZLKGYi9rsW6EdCbHTeJtqb1khsM8rNnyB0YXIGVcxAW5JI13STcE24tV3EbPzsz5iCdB0ClcjADnca+YHvszwrIpVhofcR5EcKKiwk4kW/Ag5WGujDiNdeYOvIip7UtFEFqKKpYjHord2G3h61lZio8gDcmrJb6C7VwSzRvG4urKVYdQa8Zj7R43Y08mHUiWFGzGNwbFW4SKeK3uL2uua9xevZ/lbN6kbnxfcX97e+yvPvSZ2dd4vlYYd5ENQq7piJ3l1uWt61z0PC9akz2jpOyvbjDbRORDke3+G5Acnnk5Oo6jXwFdTXy21jYjQ8RbSxHMHlXqHo87fElcHjJCSbLFM51YngkjHn0Y8eB11M5RXqZpppb1DikLo6hspZWAb5pIIB91SCU001gSlLmMoiKiu5MZ3c4QZTcAb4BJ8LA0957xzqzb26St94KYYy9hx0ux0rp/kzrUwUDRqQ7lyWY3sABck2AHDj8amZhw/3pWNHGkkqSWV7ySZW0bRFFrHwYG1U8M4Lwkm7BIQgJ1KuJu8I6iyqT9AVZ+Lr36a5crbt+uhzA86RjWH2ZZ8pzqVKpChuCAxCMQw63Rkv0NxyraJrnz4+NsSXYL0XpBResqx8bg+8lhcqrKhcsG19ZMq2BHG9S4/DyNJDJEUBRnDFwSAjoRuqpGY3CaXH2WqRWqwjUFfFbIWdnMjXDwiEhQVIYOXEim91IJBHMFQb1cweFdWEkjh3MSI5C5QzIWJcC5sCXOnLrUiNUqmgyX2K7I8ZkW3yd8NDZTuK4GZn13juoNLep46XW2WmWRQzASlGYC1gy2DMo5Fgov5X43q4DTr0XVafZsT57pq4cPYkZs6KjXt1VE+qKecEhk7w3vZNL6XTvLN4mzkHyFTLTwaIqvs2JlVDGMq3AAJAsxuykA6qT7J0qzkF72F7WvbW3S/Si9F6B1IwB0Oo6HhSXooIxhUHAFfosyj4A2p6IBrcnzZj95p16SrtGViUiWWRppABlRlzOyKt8ykDeA4pfrrVTE4wskbCR44ziFRXJys0fdubkvrlzBrFuIANW59nIcSJFUK5jJz5AwJRlADA+DciDpxpm25XUYeRo3bJOGcRo0hA7uUBgoF7XK+V6ypcRMQi93OxQyASSsUIRAjMSrZcurBVub2zUuG2h3mISNJFeMwO9xa5dZEW5IHzW5db9KmfaMhjV48PKxa4yuUjK20BfO1wD4Bj4VlJgpoJUxbKZXYzCdIraCQRlMgcjMq9yi62JzXtVD4Me82Jw17IV+WI6i5VjE8aafFWBPjWrthnSGSRHZWSN2UC1rqpIJ0v9tYkeEmiOHm7pncyYlnRWTcGIu4DMTaylEBIvrwvpWzLHJNA8ciojujoMrl1AZSASSq668Le+oIMaHMceWR0RiGlcEl1XISApN8oLZQT/Wr0EkcoDKyvbTNpcEfcefvqvI8saIkcQkKoouZBGtwLa7pIGnIGotl4aZWklnZC8mQZEzFI0QEKgZrFzdmJYgXuNBaqNW9Q4qESKVOtPBpc1EeDdteyjYJzJGCYGP7Mn2T+j0Pu6X5ZlB0r6T2lg0mRkZQwYEEEXBB4givDe1/Zd8DJmW7Qsd08ShPsOfuPPhx47lHX+jvt2d3BYx9dFhlY8eQjcnnyDc+B1sT6ewBFiLg6EHgR0Ir5fIDCx9x/ka9P9HvbonLgsY+9osMrH1uQjcn2uQbnwOtrywemPh4yoUohVTdVyiwI4EC2hp2UXzWF+ttfjTb0Zqm0PCgWsBpw04eVJYcbDTQacB0puajNUA5qO9KzVHegdelvTaWgprUimoVanqaC0pqVWqpnqRWoLStTs1V0epFegmBp4qJDTs1A8GkJpgNITQS3ovUQanZqBxNGaoy1IWoJQ1IzVEGovQSBqW9QFqM1BNmozVDmpC1BKzU3PUZao2egnz0heoO8oL0Exes7aeBSdGR1DKwIYEXBBqyXovQeE9quzj4KTS7RMdxjxU/Mfx6Hn51hNZhY8eR6+Br6B2rs6PERsjqGVhYg8/8A98a8V7TbAfBSZTdo2JyP/pb9Ifbx623KO29H3bktlweLff8AVilY+v0Rz87o3PgdbZvRw9fM7a16f2C7aGTLg8U2/wAIpCfX6I5+f0PPz4ywelZqTNUBegvWRNnoDVBnoz0FlTRUKvT81BTWpBRRQIeNT0UUCipFoooJ1p54UUUAKaaKKAWiiigDSUUUAKKKKBjUUUUBTTRRQNaompaKBopTRRQJRRRQNWsDtPhUkhlV1DDKxseq6g+dFFB4avCmtRRXSj3LsbinmwUEkjFnK6seJsba/Ct2iiudDBS0UUDlp1FFB//Z'),
(596113, 9014, 'david gandy', 'data:image/jpeg;base64,/9j/4AAQSkZJRgABAQAAAQABAAD/2wCEAAoHCBYVFRgVFRUYGBgYGhgZGBwYGBgaGBgcGBgZGhoYGBgcIS4lHB4rIRoYJjgmKy8xNTU1GiQ7QDs0Py40NTEBDAwMBgYGEAYGEDEdFh0xMTExMTExMTExMTExMTExMTExMTExMTExMTExMTExMTExMTExMTExMTExMTExMTExMf/AABEIAQMAwgMBIgACEQEDEQH/xAAcAAACAgMBAQAAAAAAAAAAAAAAAgEDBAYHBQj/xABCEAACAQICBwUFBgMHBAMAAAABAgADEQQhBRIxQVFh8AYicYGRBxMyocFCUnKx0eEUYoIzkqKywtLxIyRTY3Ojs//EABQBAQAAAAAAAAAAAAAAAAAAAAD/xAAUEQEAAAAAAAAAAAAAAAAAAAAA/9oADAMBAAIRAxEAPwDdwJIEm0mBFoSYQIkSYQIkSYQIhJkQCTIkwCEIQEq1AilmNlUEk8ABcmcQ7R6eevWqD3hamXJQC4UgXCEKcxZTbxud8232pabKamGRrE99yCQbbETLd8RI5LOXohY5C8CxMzbhMmphu8R1ltiUqZBzGY/KXrXsxy4n0UiB5zKQfAz1qGHsVVxYtccj++UR0UIb7bW/wj639JY+K1yP5dU+YsD+cDO0PiqlFy6OVYEMDuPFTxFjsO2w4Cde7PaYTFUVqLkw7rr91wBceBuCORE4nh3ysTmWuvhnebB2S0mcPVBdmVXa57xCsFBspW+qSQSO9sygdfMi0owGLStTWol9VxcXFiLEggjiCCPKZNoC2hGhAIQhAIQhADIkyIBCEIEQkyIBJMiTAIQnkdqtIfw+Fq1L2bV1U/E/cX5m/lA5N260iMRjHKG6rZFOVrJcEgjaCdY+cs0Lo9bZieBh0u54AzcdCpnblA9CjoBHW9szPN0r2YIzTzJm6YJPkJn0cMrg6wyMDkdfRZtqi5PG1lHhc5mImiH1TZTYnbsvb952BOz9BTrBM5bWwCbNUAeEDiNTDuhDMp4LeZCNsRwXuO6LZ57hz65Tee2mjx7rWAGR2kfSc90g9wovfKB27sxQRMLSWnbVC7sgWJJY2Ow62tccZ6s1v2eIRgaZYMCWc94k377Zi+dja+/bNkgEIQgEIQgEIQgEIQgEiTCBEJMIEQkwtAJxrt32iqYis9EG1Kk7IEAHeZCU1ydpz1rdGdex+KFGk9VtlNHc8wilrfKfP9Bmq1Gd8yzF3PnrEDxJtAz8FhBcAkDxymz6OwpQ57CcjuImlq13u7at+IJA8bbJ6+GxtakQystRP5WDr+qmB0/BUbgeEzh3dVBt62zzdBaXpvSLqfhTZfO+wL6kCelRpgte9yANb8RF7fMQM1HkVmj6nCY9Z4Gqds8QBTI5HrwnLanfYKu24Ft12IAm49vsWdcLuGznPO7A6NNbFodW6p33vsGrmv8AiK/OB1/R2F91SSne+oiJfjqqBMiNIgRCTCBEIQgEIQgEISYEQkwgRCTCBEIWkwPM7S09fCYhc86NTYLnJCchv2TiWibHZ9pwPIZ/6p9AWnG+12Fo4fFMmHQIq2YqCSAzAE2uchsyGQtAuo6CDNrKRzBFwb7p6mJwKLSVNVU1L6pUC/G3Ei+6UaCxgYbfGYentJC+ou08NsDL7F6NapWca5CBwbW3jMXE9ntDiquGdij2Fy3wawJNr/mJ6HYfRppUddvifM+J3T1tKaOFZDns4i8DTtE9o8bVuVKVAMjqFddSNzIbEGe/htMFyEqoUe2V8ryqj2ZQKwCIpYhi6ZNcbwwIKnM7LTNpYPUUKzs5GQZ7FrcC2+BonbxwzogsTYk+drdcpsHsu0cUpVKzfbYKvgguT5lvlPOwGjkxONqGrcqjPYbnINgvAhQDlvv679ommVTM3uzWyAAAyAAG6wgZhkSTIgEIQgRCTCBEmEIBACTCAWhaeNpLtVg6Fw+ITWBsVS9RweBVL287Txn9pGEBsErHhZEz8i94G5SJpJ9pmGG2lX8gn++I3tPw3/hrnyp/74G8yZoJ9qOH/wDBW/8Ar/3Smp7VKf2cM/8AU6j8gYHRJwfTWL97iKlQG4eoxB4rfu/K02DSXtIrVkdKdFaSsrKzFi7d4W7tgApz25zTqTXt6fSB72igUQtfwHGYuha6nEoKv2nvc7OX0mImHfMC535Z+dp6eitFlmZwQWRSwXMObWysczA67SxKe7UBhfheX0algZpGhMV7rUGIQHJbay5hrX1hlbIXz5Tcmqq41kIPhAda4G+edpTEsw1UtrtknAG3xHkNvlErnV35zI0bhGP/AFVIvmq6wyK7zyNxt5c8gxtG6LGHVKaXYi5ZmI13ZjcsbbifQTYESwAG7KRTp2zOZO0/QR4EGRGhAWEaEBIQhAJMJjaSx6Yem9Wo2qiC54ncFUb2JsAOcDG07pujhKfvKzHPJFXN3PBR9TkJyHtD2wxOLYjWNOlsFNGIBH87DNzx3cpg9o9OvjKzVXyHwogOSKDs8Scyf2nl7oEKbm+4bOHlJB3yQsCIERTHt1+8grAqMS18pawiLkYF5NlsIYR+8L8ZYlK4lVWkQbwNowGELjuN3hmp+h5TYcLpIiy4nCllUgB0XWt6bvCax2WxqhwHIHM8fOdFwGKQfCbixJ2DPjst5n84EDA06iXpF1Vhlttn+PZ4iU6FpPSLq7A55bRb7R37L3mfV0sgQtdQACdthq7AbzxtFYqrWdyi9zZrtfV3ZpvY7PTbA9emPeVFQeLHgo258f1m0IgAAGwZCaFju0oweJRAgZNQmpb4+8wsVPEBSbHbcbJumjdIU8QgqUnDod42g7ww2g8oGTCTCBBEiMYsAhCEBJIkSYFGOxaUab1ah1URSzHkOA3ndbnOHdo+0dXGOXclUBIRAe6gN/VrbTz4TYvar2gDumEptdUOtVtsLDJU56uZPMjeJoLHujrcICa0tTOY5l1KBdbrfItBTJgRaQRGhaAhWVkZy8iK6wM7AJrWmXjsKAt55mBxOo17XG8TYqxWol1II38vHhA8IYPYx2XF+M2rB6EOqNWqwDbioY+vDnKNFBD3KgtvB3ETcNHqgFlII5QMLR2gNY3qMz537+z+6MvC97TZGKomVgAPACUpUFpp3aztCHBoUje+TsNlt6Kd9958vANb0rivfVnqbmY2/CMl+QEv0JpurhX16bZH40OaOODDjzGc84DrOSRA7V2e7R0sWvcOq4F2Rj3hzX7y857Vp8+0KzowdGZWU3BU2IPIzqHZDtmMRajiCFq7FfYtTlb7L8th3W2QNxMiOZEBYSYQKhMHTuklw2HqV2PwISObHJF82IEzpqPtRYfwDgnM1KYHM617egPpA4tiKhZtZjcnNid5JJJ9SZCPx2GKxuBIECxljJK0fcZZAtUxx1/xK0jCAwk2gIDr/iBMCsBGEBCkZGKnIkeBjASeujAy8LpN04MOf6ierh+07pspr/eNp4OqOuvD1khBA9XG6er1QVL6q7wmV/E7fnPPAirn1bfujjx4bYE9bbiTFXq3X1kk+EAcdWEUbeuuhAnl+kBA6X2I7X+81cNiGJfZTc/bsPgc/e4Hf47d6nzzex/T852DsT2h/iaZRz/1qYAf+ddgfx3Hn4wNmhCECmaF7XnIwtJeNYX8keb7Of8AtgH/AG1E/wDtP+RoHJLwELSDAsCjefSb7W7OIdCpiFQCqrtVZgO8yGoUIY71C6rf0zQFndq+EK6GNO2a4PPxFLWPzvA4gssHXW+VLLFgPJ66Mgdf8yeujAmMD1ti9dGNAYHrrykgxR1vhAcddb5I663fvEEYHr9t0BwZIaL19POTAcGQW684pMgH6bD0IDKeh+keVrG/eBI6662T0uz+kzhq6VQclIDjijHvg+WfiBPNaR1+5gfQnvRCeLoXSt8PRJ2mlTv46gvCB6wmne1ShrYAtb4KiN4Xuv8Aqm4ieF24o6+AxI4Jr/3GD/6YHA4pjSDAswlLXdUH2mVR/UQv1n0bpYamGrAC+rRqADwRrCfP2gFviaH/AM1L/wDRZ3HtxjPdYHEvvKFBbbeoRTB/xX8oHAEOQlymY9M7pehgWr11vjdcIimPAmT10ZAMIDSbxRJvAYHrbJBiXjCA4PX5SeuhEvJJgF+utsL9HwhFvAsU/TmI6Hf9eMp1uh+ksXrrrZAa0g9eP6ySevP9t0EQsdUbTkB47BA7FoPBH+Gobf7Kl/kWE2DDKERU+6oX0FoQFETE0FdHRvhdWRvBgQfkY4kiB8847Q7UqtSkzZ03ZNm0A5Nt3ix85UdH5X1j6TcvaLhPd43Xt3aqK1/5l7jfIJ6zwHTK8DL7DaKSpi6YNzqsH2/c7w2cwJuntexZXCIgP9pVW/NVVm/zas8X2X074pz92mx9WUfUx/bJXu2Gp32LUcj8RRVP+FoHMgZchlQGUlGtAyVjiVq0dTAYSRFvC8B79bIXi3gDAcGSIgPX1jAwGv1+8JHXCBgMW6/SVF4lV5C9fvAvQ7zLQZQgMtA6/aBZfrrP8p63ZLBmti6KWuA4dvwp3j5ZAec8cnrr9J0T2W4Af9WufiFqa8gbMx8+76QOhwhCBWJIiiMIGn+07AB8KKtu9ScH+lyFYeF9U+U5vQa9MDfa87H2rpa+DxC/+tz5qLj8pxfBv3SDwygbb7Ln/wC6qLxpH5On6zXe3+kRiMdVKm6pakp46l9YjlrFomhNMHC1WqrtNOog/Ey9y/8AUFmugG94CEWMkpfMTIKXEoKFfCAqvbbMpDMfIyBdfCBmasVhClUBl+rAxrybxnSUtAtBjXlAePrwLrxXewiKZXiWzHDfAVTLlp33xadMbjeXqnEdfSACieuvGWKtuAgEHP1P5SDbYBfrmIDFrdH6zrXs1wTJhNdxY1nLj8GqqKfA6pI5ETnXZfRa4jE0qb5qzEsBldVUsR52tfnO5KgAAAAAAAAFgANgA3CAQhCAgkiKIwgU49A1J1Owo4PgVN5wXDUzqnwnZu12P9zhnt8bj3acbuLEjwW59JzkYFURCRbXZQSd2tc/T5wNRq3AYHxHrKVznqacphHAU5jM5bOE8dDAt1yN0sRwYovuPrFPNfMftAZ6PCIQRtzlqrwPrnHz3i/hAxQN6mX0cRuORgyKeR9JD0DuzgZV7xXpXmMrsuRBlq4gQEahwkFJke8HGUu44wMeobb5WuZjVHk0hAvp0+EyEY+MrRfKXrAM+HWcZR0B9RJA62SOvsmBuXsxwutine2SU29XZVG3lrTqc0T2V4W1OtVt8bqg2fYW5+b/ACm9mAQkQgViMIgMYGBz7TumEr4lkButAhBzbWtUb1sv9M17tbpIay00IGqQxPAi9vHbJ7Z6NODxWuh7lUM6X2g3uynjYkeTCam1UuxLbTAasWYlySxO0k3JlRpg7JYAQbjdI1w23I8dx8RAUp6yAh4xyCNo893rDXI3QEKmNqsNhh7wHlLFYcYFfvDvWSHXmJaIFBwgQvJr+Mk34AxTRH/EX3Z3MYAx/kEpdz920sYt96Y7seMBCby6llKVMyadQb4GSg6/aWiVIAdnylgU8fUdcoDddESCerg/SRn/AC+pE2jsHof+JxIZxdKVnfgWv3E27yL+CnjA6V2X0d/D4WlTIs2rrP8AjfvMPIm3lPUjGKYEXhCECkGMJUpjgwNN9qmGVsKjkgMlVQOJDqwZR6Kf6ZyLWznVvayjHDUmAJVave5EqwUn5jznJ7g7vSBlo+XjFdAYqNxlqAeUBLMoyNxwkK6nip9R+ol95Huwd0CtkttAI4jMRdRTuEn3YBuCR4RagIzv19YDhB0ZI1hsPrGUC3lxH6SvPiID67cBINQ8PnKy55RdYwGdzMfULfrMhUvLQkDGWhHC2/UfUTICxgkCpUG8eY2ftLQvM/nAC2yAXevpu9N0Bhfcb+pPlbbOx9jOzrYNGLvrPUCFwPhTVBsovtPeNzluymkez3Q6YisXcHVo6j2+yzknV1jy1SbcuG3rRMCZBkExSYDXhEvCBjgxgZQGjgwPB9oVYrgK1gDraim+4M6i/jOLImW36To3tU0kLUsMNt/etyADIg87sfITnYgMqRid3WfQjILZxtfiL/n6wEDy0tb0z84gUcfX9Yr32wLGER0zt4G0EfPOQHzJ23gMyCVAdfvGd8vOUFiTYZncB+kB3qDdmeU9vRPZ56o1i2oDsyv9ZZoHs8zEPUFuC8PEzoGAwAUDcBA0DSvZ2phxrmzp99d34hu8cxPKAnZUog3BAIIsQRkRvuJzXtTogYatZP7N7snK3xJ5H5Ec4HjLJJ6/aRFYwJLRsFRL1UQbXZVFttyQLjyMRRczsvYzRtOhhkKEO1QB3fiSPhHALmLcjA9vB4RKKBKaKijcoA8zxPMy68QtFLQLCYhMUtFLQJvCLrQgYoliwhA4j2pxDPjK5dixDlRfcq5KByAnlwhAsbd4SR9P0kwgO2yKN8iECCNp8Zj60IQJpC9r8ROkaE0bSQArTAJAz2n1MIQNkw9McN8sAzHXGEIDVd/lNW7coPcKbZipYHgCpy+UiEDQ4jSIQLUnU/ZxVJw9QE3CudUcLqCbecIQNsMSEIAYhhCBEIQgf//Z'),
(596114, 9015, 'steve jobs!', 'https://encrypted-tbn0.gstatic.com/images?q=tbn:ANd9GcQrQ0-vGv3G0ItwWA2QRJxkV4XPsKShxPl7GZwMAURuFQ&usqp=CAU&ec=48665699'),
(596115, 9016, 'Rate 1-10', 'https://i.ytimg.com/vi/YqhA9s2NT-Q/maxresdefault.jpg'),
(596117, 9016, 'Thoughts?', 'https://encrypted-tbn0.gstatic.com/images?q=tbn:ANd9GcQMPYUHvbtKP6WXPZEGD7q0kv9Dd2Ha6fXRMNgWgSpzMgpLaGuk4wzliOC8eZuR13pdo56ZwP57UGs&usqp=CAU&ec=48665699');


INSERT INTO Likes
VALUES (37923, 355517),
(37923, 103297),
(23488, 355517),
(23488, 596108),
(23488, 103297),
(10001, 300002),
(10002, 300001),
(10001, 300001),
(10003, 300003),
(10003, 300001),
(10004, 300003),
(10005, 300003),
(10005, 300004),
(10005, 300005),
(10005, 300006),
(10006, 300001),
(10006, 300002),
(10007, 300003),
(10008, 300004),
(10008, 300005),
(10008, 300001),
(10006, 871145),
(10005, 300001),
(10004, 300002),
(10003, 871145),
(10011, 596117),
(10012, 596117),
(10013, 596117),
(10011, 596114),
(10012, 596114),
(10009, 596114);


INSERT INTO Comments
VALUES (353, 355517, 37923, 'cute', '2010-02-18'),
(635, 355517, 24853, 'nice', '2011-12-29'),
(785, 103297, 37923, 'emoji emoji', '2015-03-27'),
(456, 103297, 24853, 'yay', '2015-12-15'),
(468, 103297, 23488, 'nice pic!!', '2017-05-10'),
(100, 300001, 10001, 'great shot!', '2017-06-20'),
(101, 300001, 10002, 'awesome pic!', '2017-08-12'),
(102, 300002, 10001, 'beautiful photo!', '2017-09-04'),
(103, 300002, 10003, 'fantastic capture!', '2017-11-30'),
(104, 300002, 10004, 'amazing picture!', '2018-01-23'),
(105, 300003, 10005, 'lovely shot!', '2018-03-17'),
(106, 300004, 10002, 'stunning photo!', '2018-05-12'),
(347, 300005, 10003, 'Great work!', '2019-02-20'),
(802, 300005, 10004, 'Awesome!', '2020-09-04'),
(209, 300005, 10001, 'Love this!', '2018-12-15'),
(689, 300005, 10005, 'Stunning!', '2022-01-05'),
(467, 300005, 10006, 'Impressive!', '2021-06-30'),
(892, 300006, 10007, 'Beautiful!', '2022-11-12'),
(579, 300001, 10001, 'Fantastic job!', '2020-03-25'),
(721, 355517, 10002, 'Brilliant!', '2023-02-18');

-- Entries : 20
INSERT INTO Tags
VALUES (7934, 'funtrip', 355517),
(4672, 'morningroutine', 355517),
(1389, 'backpacking', 355517),
(3468, 'coder', 103297),
(9896, 'dogowner', 103297),
(1001, 'beachvacay', 300001),
(1002, 'coder', 300002),
(1003, 'roadtrip', 300003),
(1004, 'citybreak', 300004),
(1005, 'vacation', 300004),
(1006, 'adventure', 300005),
(1007, 'islandgetaway', 300006),
(1008, 'skiingtrip', 103297),
(1009, 'citybreak', 871145),
(1010, 'cruisetime', 871145),
(1011, 'beachvacay', 300004),
(1012, 'winetasting', 300003),
(1013, 'backpacking', 300003),
(1014, 'snowboarding', 300001),
(1015, 'historiccity', 300002);


INSERT INTO Friends
VALUES (37923, 24853, '2003-05-07'),
(24853, 23488, '2007-01-29'),
(23488, 67498, '2009-01-22'),
(67498, 24853, '2012-01-27'),
(96984, 37923, '2016-07-14'),
(24853, 96984, '2018-04-29'),
(23488, 96984, '2019-06-22'),
(10000, 10001, '2012-01-27'),
(10000, 10002, '2016-07-14'),
(10002, 10003, '2007-01-29'),
(10000, 10004, '2009-01-22'),
(10003, 10001, '2012-01-27'),
(10004, 10005, '2018-07-12'),
(10007, 10005, '2007-01-29'),
(10006, 10000, '2019-09-22'),
(10006, 10001, '2012-01-27'),
(10008, 10004, '2010-07-29'),
(10009, 10014, '2019-09-22'),
(10014, 10013, '2012-01-27'),
(10012, 10009, '2010-07-29');